Timestamp,Direction
2021-04-22 09:39:29,Leigh_Woods
2021-04-22 09:39:30,Leigh_Woods
2021-04-22 09:39:35,Clifton
2021-04-22 09:39:49,Clifton
2021-04-22 09:39:54,Leigh_Woods
2021-04-22 09:39:56,Clifton
2021-04-22 09:40:02,Leigh_Woods
2021-04-22 09:40:08,Clifton
2021-04-22 09:40:09,Leigh_Woods
2021-04-22 09:40:44,Clifton
2021-04-22 09:40:47,Leigh_Woods
2021-04-22 09:40:50,Leigh_Woods
2021-04-22 09:40:50,Clifton
2021-04-22 09:40:57,Leigh_Woods
2021-04-22 09:41:00,Leigh_Woods
2021-04-22 09:41:11,Clifton
2021-04-22 09:41:12,Leigh_Woods
2021-04-22 09:41:14,Leigh_Woods
2021-04-22 09:41:16,Clifton
2021-04-22 09:41:19,Clifton
2021-04-22 09:41:27,Leigh_Woods
2021-04-22 09:41:34,Leigh_Woods
2021-04-22 09:41:35,Clifton
2021-04-22 09:41:39,Leigh_Woods
2021-04-22 09:41:42,Leigh_Woods
2021-04-22 09:41:51,Leigh_Woods
2021-04-22 09:41:58,Leigh_Woods
2021-04-22 09:42:01,Leigh_Woods
2021-04-22 09:42:06,Leigh_Woods
2021-04-22 09:42:25,Leigh_Woods
2021-04-22 09:42:29,Clifton
2021-04-22 09:42:36,Clifton
2021-04-22 09:42:47,Clifton
2021-04-22 09:42:50,Clifton
2021-04-22 09:42:52,Leigh_Woods
2021-04-22 09:42:55,Clifton
2021-04-22 09:43:04,Leigh_Woods
2021-04-22 09:46:52,Leigh_Woods
2021-04-22 09:46:59,Clifton
2021-04-22 09:47:01,Clifton
2021-04-22 09:47:02,Leigh_Woods
2021-04-22 09:47:04,Leigh_Woods
2021-04-22 09:47:09,Leigh_Woods
2021-04-22 09:47:11,Leigh_Woods
2021-04-22 09:47:15,Clifton
2021-04-22 09:47:16,Leigh_Woods
2021-04-22 09:47:18,Leigh_Woods
2021-04-22 09:47:19,Clifton
2021-04-22 09:47:49,Leigh_Woods
2021-04-22 09:47:49,Clifton
2021-04-22 09:47:51,Clifton
2021-04-22 09:47:54,Clifton
2021-04-22 09:47:57,Clifton
2021-04-22 09:48:00,Leigh_Woods
2021-04-22 09:48:10,Leigh_Woods
2021-04-22 09:48:13,Leigh_Woods
2021-04-22 09:48:23,Leigh_Woods
2021-04-22 09:48:26,Leigh_Woods
2021-04-22 09:48:34,Leigh_Woods
2021-04-22 09:48:42,Clifton
2021-04-22 09:48:50,Leigh_Woods
2021-04-22 09:48:56,Leigh_Woods
2021-04-22 09:49:06,Leigh_Woods
2021-04-22 09:49:10,Leigh_Woods
2021-04-22 09:49:15,Clifton
2021-04-22 09:49:19,Leigh_Woods
2021-04-22 09:49:26,Leigh_Woods
2021-04-22 09:49:40,Leigh_Woods
2021-04-22 09:49:46,Clifton
2021-04-22 09:49:53,Clifton
2021-04-22 09:49:55,Clifton
2021-04-22 09:49:56,Leigh_Woods
2021-04-22 09:50:11,Leigh_Woods
2021-04-22 09:50:19,Clifton
2021-04-22 09:50:23,Clifton
2021-04-22 09:50:27,Leigh_Woods
2021-04-22 09:50:32,Leigh_Woods
2021-04-22 09:50:36,Leigh_Woods
2021-04-22 09:50:39,Leigh_Woods
2021-04-22 09:50:47,Leigh_Woods
2021-04-22 09:50:48,Leigh_Woods
2021-04-22 09:50:58,Leigh_Woods
2021-04-22 09:51:06,Clifton
2021-04-22 09:51:09,Leigh_Woods
2021-04-22 09:51:11,Leigh_Woods
2021-04-22 09:51:17,Leigh_Woods
2021-04-22 09:51:22,Leigh_Woods
2021-04-22 09:51:43,Leigh_Woods
2021-04-22 09:51:49,Clifton
2021-04-22 09:51:53,Leigh_Woods
2021-04-22 09:52:05,Leigh_Woods
2021-04-22 09:52:08,Leigh_Woods
2021-04-22 09:52:29,Clifton
2021-04-22 09:52:47,Leigh_Woods
2021-04-22 09:52:56,Clifton
2021-04-22 09:53:06,Clifton
2021-04-22 09:53:19,Leigh_Woods
2021-04-22 09:53:29,Clifton
2021-04-22 09:53:32,Clifton
2021-04-22 09:54:04,Clifton
2021-04-22 09:54:13,Leigh_Woods
2021-04-22 09:54:14,Clifton
2021-04-22 09:54:38,Leigh_Woods
2021-04-22 09:54:56,Clifton
2021-04-22 09:54:58,Clifton
2021-04-22 09:55:33,Leigh_Woods
2021-04-22 09:55:42,Leigh_Woods
2021-04-22 09:55:52,Leigh_Woods
2021-04-22 09:55:58,Leigh_Woods
2021-04-22 09:56:04,Leigh_Woods
2021-04-22 09:56:12,Clifton
2021-04-22 09:56:52,Clifton
2021-04-22 09:57:02,Leigh_Woods
2021-04-22 09:57:11,Clifton
2021-04-22 09:57:20,Clifton
2021-04-22 09:57:37,Leigh_Woods
2021-04-22 09:57:51,Clifton
2021-04-22 09:57:55,Clifton
2021-04-22 09:57:59,Clifton
2021-04-22 09:58:01,Clifton
2021-04-22 09:58:07,Clifton
2021-04-22 09:58:18,Clifton
2021-04-22 09:58:20,Clifton
2021-04-22 09:58:34,Clifton
2021-04-22 09:58:38,Leigh_Woods
2021-04-22 09:58:40,Clifton
2021-04-22 09:58:44,Leigh_Woods
2021-04-22 09:58:45,Clifton
2021-04-22 09:58:54,Clifton
2021-04-22 09:58:55,Leigh_Woods
2021-04-22 09:59:02,Clifton
2021-04-22 09:59:09,Leigh_Woods
2021-04-22 09:59:24,Clifton
2021-04-22 09:59:28,Leigh_Woods
2021-04-22 10:00:06,Leigh_Woods
2021-04-22 10:00:17,Leigh_Woods
2021-04-22 10:00:19,Clifton
2021-04-22 10:00:22,Leigh_Woods
2021-04-22 10:00:27,Leigh_Woods
2021-04-22 10:00:35,Clifton
2021-04-22 10:00:36,Leigh_Woods
2021-04-22 10:00:38,Leigh_Woods
2021-04-22 10:00:41,Clifton
2021-04-22 10:00:43,Leigh_Woods
2021-04-22 10:00:44,Clifton
2021-04-22 10:00:48,Leigh_Woods
2021-04-22 10:00:52,Clifton
2021-04-22 10:00:52,Leigh_Woods
2021-04-22 10:00:53,Clifton
2021-04-22 10:00:54,Leigh_Woods
2021-04-22 10:00:56,Clifton
2021-04-22 10:01:07,Leigh_Woods
2021-04-22 10:01:08,Leigh_Woods
2021-04-22 10:01:16,Leigh_Woods
2021-04-22 10:01:20,Leigh_Woods
2021-04-22 10:01:32,Leigh_Woods
2021-04-22 10:01:32,Clifton
2021-04-22 10:01:35,Leigh_Woods
2021-04-22 10:01:42,Leigh_Woods
2021-04-22 10:01:45,Leigh_Woods
2021-04-22 10:01:57,Leigh_Woods
2021-04-22 10:02:01,Clifton
2021-04-22 10:02:16,Clifton
2021-04-22 10:02:27,Clifton
2021-04-22 10:02:31,Clifton
2021-04-22 10:02:41,Leigh_Woods
2021-04-22 10:02:46,Clifton
2021-04-22 10:02:57,Leigh_Woods
2021-04-22 10:02:59,Leigh_Woods
2021-04-22 10:03:31,Clifton
2021-04-22 10:03:37,Leigh_Woods
2021-04-22 10:03:39,Clifton
2021-04-22 10:03:40,Leigh_Woods
2021-04-22 10:04:00,Clifton
2021-04-22 10:04:13,Clifton
2021-04-22 10:04:16,Clifton
2021-04-22 10:04:17,Leigh_Woods
2021-04-22 10:04:21,Leigh_Woods
2021-04-22 10:05:04,Leigh_Woods
2021-04-22 10:05:30,Leigh_Woods
2021-04-22 10:05:32,Leigh_Woods
2021-04-22 10:05:42,Leigh_Woods
2021-04-22 10:05:50,Leigh_Woods
2021-04-22 10:05:54,Leigh_Woods
2021-04-22 10:05:55,Clifton
2021-04-22 10:06:00,Clifton
2021-04-22 10:06:00,Leigh_Woods
2021-04-22 10:06:03,Leigh_Woods
2021-04-22 10:06:10,Leigh_Woods
2021-04-22 10:06:15,Clifton
2021-04-22 10:06:19,Leigh_Woods
2021-04-22 10:06:25,Clifton
2021-04-22 10:09:56,Clifton
2021-04-22 10:09:58,Clifton
2021-04-22 10:10:23,Leigh_Woods
2021-04-22 10:10:32,Clifton
2021-04-22 10:10:34,Clifton
2021-04-22 10:10:35,Leigh_Woods
2021-04-22 10:10:40,Clifton
2021-04-22 10:10:47,Leigh_Woods
2021-04-22 10:10:50,Clifton
2021-04-22 10:10:54,Leigh_Woods
2021-04-22 10:10:55,Clifton
2021-04-22 10:10:58,Clifton
2021-04-22 10:11:00,Leigh_Woods
2021-04-22 10:11:06,Leigh_Woods
2021-04-22 10:11:12,Clifton
2021-04-22 10:11:13,Leigh_Woods
2021-04-22 10:11:14,Leigh_Woods
2021-04-22 10:11:15,Clifton
2021-04-22 10:11:21,Clifton
2021-04-22 10:12:03,Leigh_Woods
2021-04-22 10:12:04,Clifton
2021-04-22 10:12:07,Leigh_Woods
2021-04-22 10:12:13,Leigh_Woods
2021-04-22 10:12:25,Leigh_Woods
2021-04-22 10:12:29,Clifton
2021-04-22 10:12:37,Clifton
2021-04-22 10:12:39,Clifton
2021-04-22 10:12:41,Clifton
2021-04-22 10:12:43,Clifton
2021-04-22 10:12:48,Clifton
2021-04-22 10:12:53,Clifton
2021-04-22 10:13:03,Leigh_Woods
2021-04-22 10:13:13,Leigh_Woods
2021-04-22 10:13:19,Leigh_Woods
2021-04-22 10:13:21,Leigh_Woods
2021-04-22 10:13:26,Leigh_Woods
2021-04-22 10:13:29,Leigh_Woods
2021-04-22 10:13:45,Leigh_Woods
2021-04-22 10:14:01,Clifton
2021-04-22 10:14:06,Clifton
2021-04-22 10:14:16,Clifton
2021-04-22 10:14:18,Leigh_Woods
2021-04-22 10:14:19,Clifton
2021-04-22 10:14:29,Leigh_Woods
2021-04-22 10:14:46,Leigh_Woods
2021-04-22 10:14:50,Clifton
2021-04-22 10:15:01,Clifton
2021-04-22 10:15:11,Leigh_Woods
2021-04-22 10:15:14,Clifton
2021-04-22 10:15:15,Leigh_Woods
2021-04-22 10:15:22,Leigh_Woods
2021-04-22 10:15:31,Leigh_Woods
2021-04-22 10:15:32,Clifton
2021-04-22 10:15:37,Clifton
2021-04-22 10:15:43,Leigh_Woods
2021-04-22 10:15:52,Leigh_Woods
2021-04-22 10:15:55,Clifton
2021-04-22 10:16:01,Clifton
2021-04-22 10:16:05,Leigh_Woods
2021-04-22 10:16:08,Clifton
2021-04-22 10:16:14,Leigh_Woods
2021-04-22 10:16:22,Clifton
2021-04-22 10:16:26,Clifton
2021-04-22 10:16:27,Leigh_Woods
2021-04-22 10:16:38,Leigh_Woods
2021-04-22 10:16:50,Leigh_Woods
2021-04-22 10:17:02,Clifton
2021-04-22 10:17:17,Clifton
2021-04-22 10:17:38,Clifton
2021-04-22 10:17:51,Leigh_Woods
2021-04-22 10:17:52,Clifton
2021-04-22 10:17:58,Leigh_Woods
2021-04-22 10:18:05,Clifton
2021-04-22 10:18:07,Clifton
2021-04-22 10:18:09,Leigh_Woods
2021-04-22 10:18:10,Clifton
2021-04-22 10:18:15,Clifton
2021-04-22 10:18:17,Leigh_Woods
2021-04-22 10:18:22,Leigh_Woods
2021-04-22 10:18:28,Leigh_Woods
2021-04-22 10:18:38,Clifton
2021-04-22 10:18:42,Clifton
2021-04-22 10:18:55,Clifton
2021-04-22 10:18:56,Leigh_Woods
2021-04-22 10:18:57,Clifton
2021-04-22 10:19:02,Leigh_Woods
2021-04-22 10:19:11,Leigh_Woods
2021-04-22 10:19:14,Leigh_Woods
2021-04-22 10:19:23,Clifton
2021-04-22 10:19:44,Clifton
2021-04-22 10:19:49,Leigh_Woods
2021-04-22 10:20:02,Leigh_Woods
2021-04-22 10:20:14,Leigh_Woods
2021-04-22 10:20:36,Leigh_Woods
2021-04-22 10:20:39,Clifton
2021-04-22 10:20:49,Leigh_Woods
2021-04-22 10:20:54,Clifton
2021-04-22 10:21:05,Clifton
2021-04-22 10:21:21,Clifton
2021-04-22 10:21:29,Clifton
2021-04-22 10:21:35,Leigh_Woods
2021-04-22 10:21:44,Leigh_Woods
2021-04-22 10:21:49,Clifton
2021-04-22 10:21:52,Clifton
2021-04-22 10:21:52,Leigh_Woods
2021-04-22 10:21:54,Clifton
2021-04-22 10:22:08,Clifton
2021-04-22 10:22:08,Leigh_Woods
2021-04-22 10:22:16,Leigh_Woods
2021-04-22 10:23:07,Clifton
2021-04-22 10:23:11,Clifton
2021-04-22 10:23:13,Clifton
2021-04-22 10:23:28,Clifton
2021-04-22 10:23:44,Clifton
2021-04-22 10:23:46,Clifton
2021-04-22 10:23:50,Leigh_Woods
2021-04-22 10:23:52,Leigh_Woods
2021-04-22 10:23:57,Clifton
2021-04-22 10:24:05,Leigh_Woods
2021-04-22 10:24:12,Clifton
2021-04-22 10:24:26,Clifton
2021-04-22 10:24:51,Clifton
2021-04-22 10:24:55,Leigh_Woods
2021-04-22 10:25:15,Leigh_Woods
2021-04-22 10:25:38,Leigh_Woods
2021-04-22 10:25:51,Leigh_Woods
2021-04-22 10:25:59,Clifton
2021-04-22 10:26:06,Leigh_Woods
2021-04-22 10:26:09,Leigh_Woods
2021-04-22 10:26:10,Clifton
2021-04-22 10:26:13,Clifton
2021-04-22 10:26:16,Clifton
2021-04-22 10:26:19,Leigh_Woods
2021-04-22 10:26:29,Leigh_Woods
2021-04-22 10:26:32,Leigh_Woods
2021-04-22 10:26:33,Clifton
2021-04-22 10:26:34,Clifton
2021-04-22 10:26:51,Clifton
2021-04-22 10:27:07,Leigh_Woods
2021-04-22 10:27:14,Leigh_Woods
2021-04-22 10:27:23,Leigh_Woods
2021-04-22 10:27:33,Leigh_Woods
2021-04-22 10:27:35,Leigh_Woods
2021-04-22 10:27:38,Leigh_Woods
2021-04-22 10:27:40,Leigh_Woods
2021-04-22 10:27:43,Clifton
2021-04-22 10:27:49,Leigh_Woods
2021-04-22 10:27:59,Leigh_Woods
2021-04-22 10:28:16,Leigh_Woods
2021-04-22 10:28:22,Leigh_Woods
2021-04-22 10:28:26,Leigh_Woods
2021-04-22 10:28:39,Clifton
2021-04-22 10:28:42,Clifton
2021-04-22 10:28:44,Clifton
2021-04-22 10:28:46,Clifton
2021-04-22 10:28:57,Leigh_Woods
2021-04-22 10:29:02,Leigh_Woods
2021-04-22 10:29:09,Clifton
2021-04-22 10:29:14,Clifton
2021-04-22 10:29:26,Clifton
2021-04-22 10:29:28,Clifton
2021-04-22 10:29:32,Clifton
2021-04-22 10:29:59,Clifton
2021-04-22 10:30:08,Leigh_Woods
2021-04-22 10:30:11,Clifton
2021-04-22 10:30:19,Leigh_Woods
2021-04-22 10:30:22,Clifton
2021-04-22 10:30:31,Clifton
2021-04-22 10:30:33,Clifton
2021-04-22 10:30:37,Clifton
2021-04-22 10:30:38,Leigh_Woods
2021-04-22 10:31:40,Leigh_Woods
2021-04-22 10:31:48,Clifton
2021-04-22 10:31:53,Clifton
2021-04-22 10:32:04,Clifton
2021-04-22 10:32:16,Leigh_Woods
2021-04-22 10:32:18,Clifton
2021-04-22 10:32:24,Clifton
2021-04-22 10:32:33,Leigh_Woods
2021-04-22 10:32:33,Clifton
2021-04-22 10:32:38,Leigh_Woods
2021-04-22 10:32:40,Clifton
2021-04-22 10:32:56,Clifton
2021-04-22 10:33:06,Leigh_Woods
2021-04-22 10:33:08,Leigh_Woods
2021-04-22 10:33:22,Leigh_Woods
2021-04-22 10:33:29,Leigh_Woods
2021-04-22 10:33:32,Clifton
2021-04-22 10:33:32,Leigh_Woods
2021-04-22 10:33:35,Clifton
2021-04-22 10:33:40,Clifton
2021-04-22 10:33:42,Clifton
2021-04-22 10:33:51,Clifton
2021-04-22 10:33:58,Clifton
2021-04-22 10:34:06,Leigh_Woods
2021-04-22 10:34:38,Leigh_Woods
2021-04-22 10:34:47,Leigh_Woods
2021-04-22 10:35:12,Clifton
2021-04-22 10:35:13,Clifton
2021-04-22 10:35:40,Clifton
2021-04-22 10:36:07,Leigh_Woods
2021-04-22 10:36:15,Leigh_Woods
2021-04-22 10:36:33,Clifton
2021-04-22 10:36:52,Leigh_Woods
2021-04-22 10:37:10,Clifton
2021-04-22 10:37:16,Leigh_Woods
2021-04-22 10:37:24,Leigh_Woods
2021-04-22 10:37:24,Clifton
2021-04-22 10:37:31,Leigh_Woods
2021-04-22 10:37:38,Leigh_Woods
2021-04-22 10:37:40,Leigh_Woods
2021-04-22 10:37:45,Clifton
2021-04-22 10:37:48,Clifton
2021-04-22 10:37:50,Clifton
2021-04-22 10:37:56,Leigh_Woods
2021-04-22 10:37:58,Leigh_Woods
2021-04-22 10:38:10,Leigh_Woods
2021-04-22 10:38:13,Leigh_Woods
2021-04-22 10:38:16,Clifton
2021-04-22 10:38:22,Leigh_Woods
2021-04-22 10:38:24,Leigh_Woods
2021-04-22 10:38:28,Clifton
2021-04-22 10:38:28,Leigh_Woods
2021-04-22 10:38:34,Clifton
2021-04-22 10:38:34,Leigh_Woods
2021-04-22 10:38:40,Clifton
2021-04-22 10:38:42,Leigh_Woods
2021-04-22 10:38:44,Clifton
2021-04-22 10:38:45,Leigh_Woods
2021-04-22 10:39:17,Clifton
2021-04-22 10:39:27,Leigh_Woods
2021-04-22 10:39:46,Leigh_Woods
2021-04-22 10:39:55,Leigh_Woods
2021-04-22 10:40:10,Leigh_Woods
2021-04-22 10:41:00,Clifton
2021-04-22 10:41:11,Leigh_Woods
2021-04-22 10:41:14,Leigh_Woods
2021-04-22 10:41:19,Leigh_Woods
2021-04-22 10:41:21,Clifton
2021-04-22 10:41:27,Clifton
2021-04-22 10:41:30,Leigh_Woods
2021-04-22 10:41:38,Clifton
2021-04-22 10:41:39,Leigh_Woods
2021-04-22 10:41:40,Leigh_Woods
2021-04-22 10:41:51,Clifton
2021-04-22 10:42:00,Clifton
2021-04-22 10:42:01,Leigh_Woods
2021-04-22 10:42:05,Leigh_Woods
2021-04-22 10:42:25,Clifton
2021-04-22 10:42:30,Leigh_Woods
2021-04-22 10:42:34,Leigh_Woods
2021-04-22 10:42:41,Clifton
2021-04-22 10:42:43,Leigh_Woods
2021-04-22 10:42:45,Clifton
2021-04-22 10:42:48,Clifton
2021-04-22 10:42:49,Leigh_Woods
2021-04-22 10:42:51,Clifton
2021-04-22 10:43:04,Clifton
2021-04-22 10:43:07,Clifton
2021-04-22 10:43:37,Leigh_Woods
2021-04-22 10:43:40,Leigh_Woods
2021-04-22 10:43:44,Leigh_Woods
2021-04-22 10:43:47,Leigh_Woods
2021-04-22 10:43:47,Clifton
2021-04-22 10:44:00,Clifton
2021-04-22 10:44:01,Leigh_Woods
2021-04-22 10:44:03,Leigh_Woods
2021-04-22 10:44:10,Leigh_Woods
2021-04-22 10:44:18,Leigh_Woods
2021-04-22 10:44:21,Clifton
2021-04-22 10:44:30,Leigh_Woods
2021-04-22 10:44:32,Clifton
2021-04-22 10:44:34,Leigh_Woods
2021-04-22 10:44:41,Leigh_Woods
2021-04-22 10:44:52,Clifton
2021-04-22 10:44:55,Clifton
2021-04-22 10:45:01,Leigh_Woods
2021-04-22 10:45:13,Clifton
2021-04-22 10:45:16,Leigh_Woods
2021-04-22 10:45:19,Clifton
2021-04-22 10:45:22,Leigh_Woods
2021-04-22 10:45:22,Clifton
2021-04-22 10:45:24,Clifton
2021-04-22 10:45:36,Leigh_Woods
2021-04-22 10:45:47,Leigh_Woods
2021-04-22 10:45:48,Clifton
2021-04-22 10:45:53,Leigh_Woods
2021-04-22 10:45:56,Leigh_Woods
2021-04-22 10:46:01,Leigh_Woods
2021-04-22 10:46:05,Leigh_Woods
2021-04-22 10:46:11,Leigh_Woods
2021-04-22 10:46:24,Leigh_Woods
2021-04-22 10:46:27,Leigh_Woods
2021-04-22 10:46:34,Leigh_Woods
2021-04-22 10:46:38,Clifton
2021-04-22 10:46:45,Leigh_Woods
2021-04-22 10:47:01,Clifton
2021-04-22 10:47:03,Clifton
2021-04-22 10:47:24,Clifton
2021-04-22 10:47:28,Leigh_Woods
2021-04-22 10:47:35,Leigh_Woods
2021-04-22 10:47:38,Leigh_Woods
2021-04-22 10:47:56,Leigh_Woods
2021-04-22 10:48:07,Leigh_Woods
2021-04-22 10:48:10,Leigh_Woods
2021-04-22 10:48:11,Clifton
2021-04-22 10:48:17,Leigh_Woods
2021-04-22 10:48:36,Leigh_Woods
2021-04-22 10:48:38,Clifton
2021-04-22 10:48:43,Clifton
2021-04-22 10:48:44,Leigh_Woods
2021-04-22 10:48:45,Leigh_Woods
2021-04-22 10:49:00,Clifton
2021-04-22 10:49:21,Leigh_Woods
2021-04-22 10:49:30,Leigh_Woods
2021-04-22 10:49:41,Clifton
2021-04-22 10:49:44,Leigh_Woods
2021-04-22 10:49:53,Leigh_Woods
2021-04-22 10:50:07,Clifton
2021-04-22 10:50:09,Clifton
2021-04-22 10:50:16,Clifton
2021-04-22 10:50:22,Clifton
2021-04-22 10:50:40,Leigh_Woods
2021-04-22 10:50:54,Leigh_Woods
2021-04-22 10:50:56,Clifton
2021-04-22 10:50:57,Leigh_Woods
2021-04-22 10:50:59,Clifton
2021-04-22 10:51:05,Clifton
2021-04-22 10:51:07,Leigh_Woods
2021-04-22 10:51:10,Leigh_Woods
2021-04-22 10:51:12,Clifton
2021-04-22 10:51:13,Leigh_Woods
2021-04-22 10:51:20,Leigh_Woods
2021-04-22 10:51:33,Clifton
2021-04-22 10:51:36,Clifton
2021-04-22 10:51:50,Leigh_Woods
2021-04-22 10:51:54,Leigh_Woods
2021-04-22 10:51:59,Leigh_Woods
2021-04-22 10:52:06,Leigh_Woods
2021-04-22 10:52:20,Leigh_Woods
2021-04-22 10:52:21,Clifton
2021-04-22 10:52:39,Leigh_Woods
2021-04-22 10:52:41,Leigh_Woods
2021-04-22 10:52:52,Clifton
2021-04-22 10:52:56,Clifton
2021-04-22 10:52:59,Clifton
2021-04-22 10:53:24,Leigh_Woods
2021-04-22 10:53:39,Clifton
2021-04-22 10:53:42,Clifton
2021-04-22 10:54:06,Leigh_Woods
2021-04-22 10:54:12,Clifton
2021-04-22 10:54:12,Leigh_Woods
2021-04-22 10:54:17,Leigh_Woods
2021-04-22 10:54:21,Clifton
2021-04-22 10:54:30,Leigh_Woods
2021-04-22 10:54:30,Clifton
2021-04-22 10:54:33,Clifton
2021-04-22 10:54:40,Leigh_Woods
2021-04-22 10:54:45,Leigh_Woods
2021-04-22 10:54:47,Leigh_Woods
2021-04-22 10:54:51,Clifton
2021-04-22 10:54:53,Leigh_Woods
2021-04-22 10:54:54,Clifton
2021-04-22 10:54:57,Clifton
2021-04-22 10:54:59,Clifton
2021-04-22 10:55:01,Leigh_Woods
2021-04-22 10:55:07,Leigh_Woods
2021-04-22 10:55:30,Leigh_Woods
2021-04-22 10:55:42,Leigh_Woods
2021-04-22 10:55:49,Clifton
2021-04-22 10:56:24,Clifton
2021-04-22 10:56:31,Leigh_Woods
2021-04-22 10:56:34,Leigh_Woods
2021-04-22 10:56:59,Clifton
2021-04-22 10:57:12,Leigh_Woods
2021-04-22 10:57:25,Leigh_Woods
2021-04-22 10:57:33,Leigh_Woods
2021-04-22 10:57:46,Leigh_Woods
2021-04-22 10:57:54,Clifton
2021-04-22 10:57:55,Clifton
2021-04-22 10:58:01,Clifton
2021-04-22 10:58:19,Clifton
2021-04-22 10:58:23,Clifton
2021-04-22 10:58:24,Leigh_Woods
2021-04-22 10:58:27,Clifton
2021-04-22 10:58:39,Leigh_Woods
2021-04-22 10:58:42,Clifton
2021-04-22 10:59:04,Clifton
2021-04-22 10:59:21,Clifton
2021-04-22 10:59:31,Clifton
2021-04-22 10:59:37,Clifton
2021-04-22 10:59:45,Leigh_Woods
2021-04-22 10:59:58,Clifton
2021-04-22 11:00:04,Clifton
2021-04-22 11:00:07,Leigh_Woods
2021-04-22 11:00:07,Clifton
2021-04-22 11:00:22,Leigh_Woods
2021-04-22 11:00:29,Clifton
2021-04-22 11:00:49,Leigh_Woods
2021-04-22 11:01:06,Leigh_Woods
2021-04-22 11:01:12,Clifton
2021-04-22 11:01:20,Leigh_Woods
2021-04-22 11:01:34,Clifton
2021-04-22 11:01:39,Clifton
2021-04-22 11:01:41,Leigh_Woods
2021-04-22 11:01:43,Leigh_Woods
2021-04-22 11:01:52,Clifton
2021-04-22 11:02:11,Clifton
2021-04-22 11:02:25,Leigh_Woods
2021-04-22 11:02:44,Leigh_Woods
2021-04-22 11:02:48,Leigh_Woods
2021-04-22 11:02:59,Leigh_Woods
2021-04-22 11:03:01,Clifton
2021-04-22 11:03:11,Leigh_Woods
2021-04-22 11:03:13,Leigh_Woods
2021-04-22 11:03:21,Clifton
2021-04-22 11:03:29,Leigh_Woods
2021-04-22 11:03:57,Clifton
2021-04-22 11:04:01,Leigh_Woods
2021-04-22 11:04:13,Leigh_Woods
2021-04-22 11:04:18,Leigh_Woods
2021-04-22 11:04:21,Clifton
2021-04-22 11:04:24,Leigh_Woods
2021-04-22 11:04:27,Leigh_Woods
2021-04-22 11:04:42,Leigh_Woods
2021-04-22 11:04:54,Clifton
2021-04-22 11:04:58,Leigh_Woods
2021-04-22 11:05:03,Leigh_Woods
2021-04-22 11:05:15,Leigh_Woods
2021-04-22 11:05:16,Leigh_Woods
2021-04-22 11:05:35,Leigh_Woods
2021-04-22 11:05:49,Clifton
2021-04-22 11:05:57,Clifton
2021-04-22 11:06:01,Clifton
2021-04-22 11:06:08,Leigh_Woods
2021-04-22 11:06:10,Leigh_Woods
2021-04-22 11:06:20,Leigh_Woods
2021-04-22 11:06:24,Leigh_Woods
2021-04-22 11:06:36,Leigh_Woods
2021-04-22 11:06:51,Clifton
2021-04-22 11:07:06,Clifton
2021-04-22 11:07:10,Clifton
2021-04-22 11:07:24,Leigh_Woods
2021-04-22 11:07:26,Leigh_Woods
2021-04-22 11:07:40,Clifton
2021-04-22 11:07:45,Clifton
2021-04-22 11:07:49,Clifton
2021-04-22 11:07:50,Leigh_Woods
2021-04-22 11:07:56,Clifton
2021-04-22 11:08:03,Leigh_Woods
2021-04-22 11:08:06,Clifton
2021-04-22 11:08:09,Clifton
2021-04-22 11:08:20,Clifton
2021-04-22 11:08:22,Clifton
2021-04-22 11:08:25,Leigh_Woods
2021-04-22 11:09:03,Clifton
2021-04-22 11:09:08,Clifton
2021-04-22 11:09:11,Clifton
2021-04-22 11:09:15,Clifton
2021-04-22 11:09:17,Leigh_Woods
2021-04-22 11:09:19,Leigh_Woods
2021-04-22 11:10:19,Clifton
2021-04-22 11:10:36,Clifton
2021-04-22 11:10:50,Clifton
2021-04-22 11:11:02,Clifton
2021-04-22 11:11:15,Clifton
2021-04-22 11:11:21,Clifton
2021-04-22 11:11:55,Clifton
2021-04-22 11:12:06,Clifton
2021-04-22 11:12:26,Clifton
2021-04-22 11:12:35,Leigh_Woods
2021-04-22 11:13:17,Leigh_Woods
2021-04-22 11:13:21,Leigh_Woods
2021-04-22 11:13:22,Clifton
2021-04-22 11:13:26,Leigh_Woods
2021-04-22 11:13:31,Leigh_Woods
2021-04-22 11:13:33,Leigh_Woods
2021-04-22 11:13:41,Leigh_Woods
2021-04-22 11:13:43,Clifton
2021-04-22 11:13:44,Leigh_Woods
2021-04-22 11:13:48,Leigh_Woods
2021-04-22 11:13:53,Leigh_Woods
2021-04-22 11:13:57,Leigh_Woods
2021-04-22 11:13:57,Clifton
2021-04-22 11:14:01,Leigh_Woods
2021-04-22 11:14:02,Clifton
2021-04-22 11:14:05,Leigh_Woods
2021-04-22 11:14:08,Leigh_Woods
2021-04-22 11:14:16,Leigh_Woods
2021-04-22 11:14:17,Clifton
2021-04-22 11:14:18,Leigh_Woods
2021-04-22 11:14:21,Clifton
2021-04-22 11:14:22,Leigh_Woods
2021-04-22 11:14:25,Leigh_Woods
2021-04-22 11:14:33,Leigh_Woods
2021-04-22 11:14:34,Leigh_Woods
2021-04-22 11:14:40,Leigh_Woods
2021-04-22 11:14:47,Leigh_Woods
2021-04-22 11:14:53,Leigh_Woods
2021-04-22 11:15:02,Leigh_Woods
2021-04-22 11:15:12,Leigh_Woods
2021-04-22 11:15:19,Leigh_Woods
2021-04-22 11:15:24,Leigh_Woods
2021-04-22 11:15:26,Clifton
2021-04-22 11:15:28,Clifton
2021-04-22 11:15:35,Leigh_Woods
2021-04-22 11:15:37,Leigh_Woods
2021-04-22 11:15:47,Leigh_Woods
2021-04-22 11:16:07,Leigh_Woods
2021-04-22 11:16:07,Clifton
2021-04-22 11:16:17,Leigh_Woods
2021-04-22 11:16:22,Leigh_Woods
2021-04-22 11:16:30,Leigh_Woods
2021-04-22 11:16:34,Clifton
2021-04-22 11:16:34,Leigh_Woods
2021-04-22 11:16:40,Leigh_Woods
2021-04-22 11:16:43,Leigh_Woods
2021-04-22 11:16:48,Leigh_Woods
2021-04-22 11:16:51,Clifton
2021-04-22 11:17:03,Clifton
2021-04-22 11:17:25,Clifton
2021-04-22 11:17:37,Leigh_Woods
2021-04-22 11:17:45,Clifton
2021-04-22 11:17:52,Leigh_Woods
2021-04-22 11:17:53,Leigh_Woods
2021-04-22 11:17:58,Clifton
2021-04-22 11:17:59,Leigh_Woods
2021-04-22 11:18:03,Leigh_Woods
2021-04-22 11:18:05,Leigh_Woods
2021-04-22 11:18:11,Leigh_Woods
2021-04-22 11:18:23,Leigh_Woods
2021-04-22 11:18:26,Leigh_Woods
2021-04-22 11:18:35,Clifton
2021-04-22 11:18:38,Clifton
2021-04-22 11:18:41,Clifton
2021-04-22 11:18:48,Leigh_Woods
2021-04-22 11:18:53,Clifton
2021-04-22 11:18:55,Clifton
2021-04-22 11:18:57,Clifton
2021-04-22 11:19:04,Clifton
2021-04-22 11:19:05,Leigh_Woods
2021-04-22 11:19:13,Leigh_Woods
2021-04-22 11:19:21,Leigh_Woods
2021-04-22 11:19:48,Clifton
2021-04-22 11:19:49,Clifton
2021-04-22 11:20:46,Leigh_Woods
2021-04-22 11:20:55,Leigh_Woods
2021-04-22 11:21:08,Leigh_Woods
2021-04-22 11:21:32,Leigh_Woods
2021-04-22 11:21:39,Clifton
2021-04-22 11:21:57,Leigh_Woods
2021-04-22 11:22:02,Leigh_Woods
2021-04-22 11:22:13,Clifton
2021-04-22 11:22:22,Clifton
2021-04-22 11:22:33,Leigh_Woods
2021-04-22 11:22:53,Leigh_Woods
2021-04-22 11:22:55,Leigh_Woods
2021-04-22 11:22:59,Leigh_Woods
2021-04-22 11:23:08,Leigh_Woods
2021-04-22 11:23:10,Clifton
2021-04-22 11:23:11,Leigh_Woods
2021-04-22 11:23:18,Leigh_Woods
2021-04-22 11:23:21,Leigh_Woods
2021-04-22 11:23:25,Leigh_Woods
2021-04-22 11:23:29,Leigh_Woods
2021-04-22 11:23:32,Clifton
2021-04-22 11:23:35,Clifton
2021-04-22 11:23:37,Leigh_Woods
2021-04-22 11:23:41,Leigh_Woods
2021-04-22 11:23:54,Clifton
2021-04-22 11:24:06,Clifton
2021-04-22 11:24:19,Clifton
2021-04-22 11:24:27,Leigh_Woods
2021-04-22 11:24:32,Leigh_Woods
2021-04-22 11:24:46,Leigh_Woods
2021-04-22 11:25:09,Leigh_Woods
2021-04-22 11:25:14,Leigh_Woods
2021-04-22 11:25:18,Leigh_Woods
2021-04-22 11:26:14,Leigh_Woods
2021-04-22 11:26:15,Clifton
2021-04-22 11:26:29,Leigh_Woods
2021-04-22 11:26:35,Leigh_Woods
2021-04-22 11:26:41,Leigh_Woods
2021-04-22 11:26:43,Leigh_Woods
2021-04-22 11:27:10,Leigh_Woods
2021-04-22 11:27:19,Leigh_Woods
2021-04-22 11:27:22,Leigh_Woods
2021-04-22 11:27:32,Clifton
2021-04-22 11:27:35,Clifton
2021-04-22 11:27:42,Clifton
2021-04-22 11:27:43,Leigh_Woods
2021-04-22 11:27:47,Leigh_Woods
2021-04-22 11:27:53,Leigh_Woods
2021-04-22 11:27:54,Clifton
2021-04-22 11:28:02,Clifton
2021-04-22 11:28:03,Leigh_Woods
2021-04-22 11:28:19,Clifton
2021-04-22 11:28:22,Clifton
2021-04-22 11:28:26,Leigh_Woods
2021-04-22 11:28:39,Leigh_Woods
2021-04-22 11:28:55,Leigh_Woods
2021-04-22 11:29:43,Leigh_Woods
2021-04-22 11:29:48,Clifton
2021-04-22 11:29:50,Clifton
2021-04-22 11:29:54,Clifton
2021-04-22 11:29:58,Leigh_Woods
2021-04-22 11:30:11,Clifton
2021-04-22 11:30:15,Clifton
2021-04-22 11:30:32,Clifton
2021-04-22 11:30:35,Clifton
2021-04-22 11:30:44,Leigh_Woods
2021-04-22 11:30:46,Clifton
2021-04-22 11:30:47,Leigh_Woods
2021-04-22 11:31:02,Leigh_Woods
2021-04-22 11:31:06,Clifton
2021-04-22 11:31:08,Clifton
2021-04-22 11:31:11,Leigh_Woods
2021-04-22 11:31:19,Leigh_Woods
2021-04-22 11:31:22,Clifton
2021-04-22 11:31:29,Clifton
2021-04-22 11:31:33,Leigh_Woods
2021-04-22 11:31:36,Clifton
2021-04-22 11:31:50,Clifton
2021-04-22 11:31:54,Clifton
2021-04-22 11:32:04,Clifton
2021-04-22 11:32:37,Leigh_Woods
2021-04-22 11:32:41,Leigh_Woods
2021-04-22 11:32:54,Leigh_Woods
2021-04-22 11:33:06,Leigh_Woods
2021-04-22 11:33:24,Leigh_Woods
2021-04-22 11:33:35,Leigh_Woods
2021-04-22 11:33:45,Clifton
2021-04-22 11:33:50,Clifton
2021-04-22 11:33:50,Leigh_Woods
2021-04-22 11:34:01,Clifton
2021-04-22 11:34:03,Leigh_Woods
2021-04-22 11:34:04,Clifton
2021-04-22 11:34:04,Leigh_Woods
2021-04-22 11:34:09,Leigh_Woods
2021-04-22 11:34:15,Leigh_Woods
2021-04-22 11:34:16,Clifton
2021-04-22 11:34:27,Leigh_Woods
2021-04-22 11:34:34,Clifton
2021-04-22 11:34:35,Clifton
2021-04-22 11:34:36,Leigh_Woods
2021-04-22 11:34:38,Clifton
2021-04-22 11:34:38,Leigh_Woods
2021-04-22 11:34:40,Clifton
2021-04-22 11:34:51,Leigh_Woods
2021-04-22 11:34:53,Leigh_Woods
2021-04-22 11:34:54,Clifton
2021-04-22 11:35:00,Clifton
2021-04-22 11:35:41,Leigh_Woods
2021-04-22 11:35:51,Leigh_Woods
2021-04-22 11:36:00,Clifton
2021-04-22 11:36:07,Leigh_Woods
2021-04-22 11:36:10,Clifton
2021-04-22 11:36:25,Leigh_Woods
2021-04-22 11:36:30,Leigh_Woods
2021-04-22 11:36:38,Leigh_Woods
2021-04-22 11:36:49,Clifton
2021-04-22 11:36:56,Leigh_Woods
2021-04-22 11:36:58,Leigh_Woods
2021-04-22 11:37:14,Clifton
2021-04-22 11:37:16,Clifton
2021-04-22 11:37:40,Clifton
2021-04-22 11:37:43,Leigh_Woods
2021-04-22 11:38:02,Leigh_Woods
2021-04-22 11:38:16,Clifton
2021-04-22 11:38:24,Clifton
2021-04-22 11:38:26,Clifton
2021-04-22 11:38:36,Leigh_Woods
2021-04-22 11:38:40,Clifton
2021-04-22 11:38:43,Leigh_Woods
2021-04-22 11:38:46,Leigh_Woods
2021-04-22 11:38:49,Clifton
2021-04-22 11:39:03,Leigh_Woods
2021-04-22 11:39:14,Leigh_Woods
2021-04-22 11:39:37,Leigh_Woods
2021-04-22 11:39:44,Clifton
2021-04-22 11:39:48,Leigh_Woods
2021-04-22 11:39:51,Clifton
2021-04-22 11:40:03,Leigh_Woods
2021-04-22 11:40:07,Leigh_Woods
2021-04-22 11:40:28,Clifton
2021-04-22 11:40:40,Clifton
2021-04-22 11:40:47,Clifton
2021-04-22 11:40:49,Clifton
2021-04-22 11:41:01,Leigh_Woods
2021-04-22 11:41:25,Clifton
2021-04-22 11:41:28,Clifton
2021-04-22 11:41:31,Clifton
2021-04-22 11:41:47,Clifton
2021-04-22 11:41:49,Leigh_Woods
2021-04-22 11:41:56,Clifton
2021-04-22 11:41:59,Clifton
2021-04-22 11:42:12,Leigh_Woods
2021-04-22 11:42:14,Clifton
2021-04-22 11:42:31,Leigh_Woods
2021-04-22 11:42:38,Leigh_Woods
2021-04-22 11:42:40,Clifton
2021-04-22 11:42:41,Leigh_Woods
2021-04-22 11:42:50,Clifton
2021-04-22 11:42:51,Clifton
2021-04-22 11:43:08,Clifton
2021-04-22 11:43:16,Leigh_Woods
2021-04-22 11:43:21,Leigh_Woods
2021-04-22 11:43:36,Leigh_Woods
2021-04-22 11:43:38,Clifton
2021-04-22 11:44:07,Leigh_Woods
2021-04-22 11:44:16,Leigh_Woods
2021-04-22 11:44:16,Clifton
2021-04-22 11:44:25,Leigh_Woods
2021-04-22 11:44:27,Leigh_Woods
2021-04-22 11:44:39,Leigh_Woods
2021-04-22 11:44:48,Clifton
2021-04-22 11:45:17,Clifton
2021-04-22 11:45:22,Clifton
2021-04-22 11:45:40,Clifton
2021-04-22 11:45:50,Clifton
2021-04-22 11:45:53,Clifton
2021-04-22 11:46:00,Clifton
2021-04-22 11:46:07,Clifton
2021-04-22 11:46:21,Leigh_Woods
2021-04-22 11:46:22,Clifton
2021-04-22 11:46:24,Leigh_Woods
2021-04-22 11:46:32,Leigh_Woods
2021-04-22 11:46:41,Clifton
2021-04-22 11:46:52,Leigh_Woods
2021-04-22 11:46:56,Leigh_Woods
2021-04-22 11:47:02,Clifton
2021-04-22 11:47:15,Clifton
2021-04-22 11:47:17,Clifton
2021-04-22 11:47:20,Clifton
2021-04-22 11:47:38,Leigh_Woods
2021-04-22 11:47:39,Clifton
2021-04-22 11:47:53,Leigh_Woods
2021-04-22 11:47:55,Leigh_Woods
2021-04-22 11:47:57,Leigh_Woods
2021-04-22 11:47:59,Clifton
2021-04-22 11:48:02,Leigh_Woods
2021-04-22 11:48:04,Clifton
2021-04-22 11:48:10,Leigh_Woods
2021-04-22 11:48:27,Clifton
2021-04-22 11:48:44,Leigh_Woods
2021-04-22 11:49:01,Leigh_Woods
2021-04-22 11:49:08,Leigh_Woods
2021-04-22 11:49:13,Leigh_Woods
2021-04-22 11:49:26,Leigh_Woods
2021-04-22 11:49:32,Leigh_Woods
2021-04-22 11:49:40,Leigh_Woods
2021-04-22 11:49:45,Clifton
2021-04-22 11:49:50,Leigh_Woods
2021-04-22 11:49:53,Leigh_Woods
2021-04-22 11:49:59,Leigh_Woods
2021-04-22 11:50:14,Clifton
2021-04-22 11:50:19,Clifton
2021-04-22 11:50:32,Clifton
2021-04-22 11:50:45,Leigh_Woods
2021-04-22 11:50:52,Clifton
2021-04-22 11:50:53,Leigh_Woods
2021-04-22 11:51:15,Leigh_Woods
2021-04-22 11:51:19,Clifton
2021-04-22 11:51:29,Leigh_Woods
2021-04-22 11:51:40,Clifton
2021-04-22 11:51:44,Leigh_Woods
2021-04-22 11:51:49,Clifton
2021-04-22 11:52:05,Leigh_Woods
2021-04-22 11:52:09,Leigh_Woods
2021-04-22 11:52:19,Leigh_Woods
2021-04-22 11:52:26,Clifton
2021-04-22 11:52:32,Leigh_Woods
2021-04-22 11:52:42,Clifton
2021-04-22 11:52:50,Leigh_Woods
2021-04-22 11:53:01,Leigh_Woods
2021-04-22 11:53:07,Clifton
2021-04-22 11:53:10,Leigh_Woods
2021-04-22 11:53:11,Leigh_Woods
2021-04-22 11:54:01,Clifton
2021-04-22 11:54:04,Leigh_Woods
2021-04-22 11:54:06,Leigh_Woods
2021-04-22 11:54:15,Clifton
2021-04-22 11:54:17,Clifton
2021-04-22 11:54:23,Clifton
2021-04-22 11:54:37,Leigh_Woods
2021-04-22 11:54:39,Leigh_Woods
2021-04-22 11:54:41,Clifton
2021-04-22 11:54:42,Clifton
2021-04-22 11:54:45,Leigh_Woods
2021-04-22 11:54:50,Leigh_Woods
2021-04-22 11:55:03,Leigh_Woods
2021-04-22 11:55:06,Leigh_Woods
2021-04-22 11:55:20,Leigh_Woods
2021-04-22 11:55:21,Leigh_Woods
2021-04-22 11:55:26,Leigh_Woods
2021-04-22 11:55:31,Clifton
2021-04-22 11:55:39,Clifton
2021-04-22 11:55:44,Clifton
2021-04-22 11:55:48,Clifton
2021-04-22 11:55:52,Leigh_Woods
2021-04-22 11:56:27,Clifton
2021-04-22 11:56:34,Leigh_Woods
2021-04-22 11:56:42,Clifton
2021-04-22 11:56:43,Leigh_Woods
2021-04-22 11:56:51,Leigh_Woods
2021-04-22 11:57:05,Clifton
2021-04-22 11:57:09,Leigh_Woods
2021-04-22 11:57:11,Leigh_Woods
2021-04-22 11:57:20,Leigh_Woods
2021-04-22 11:57:22,Leigh_Woods
2021-04-22 11:57:46,Clifton
2021-04-22 11:57:58,Leigh_Woods
2021-04-22 11:58:20,Clifton
2021-04-22 11:58:23,Clifton
2021-04-22 11:58:28,Clifton
2021-04-22 11:58:30,Clifton
2021-04-22 11:58:55,Clifton
2021-04-22 11:59:12,Clifton
2021-04-22 11:59:23,Clifton
2021-04-22 11:59:35,Leigh_Woods
2021-04-22 11:59:36,Clifton
2021-04-22 11:59:38,Clifton
2021-04-22 11:59:42,Clifton
2021-04-22 11:59:44,Leigh_Woods
2021-04-22 11:59:52,Leigh_Woods
2021-04-22 11:59:52,Clifton
2021-04-22 11:59:58,Leigh_Woods
2021-04-22 11:59:59,Clifton
2021-04-22 12:00:05,Clifton
2021-04-22 12:00:09,Leigh_Woods
2021-04-22 12:00:12,Clifton
2021-04-22 12:00:17,Clifton
2021-04-22 12:00:32,Leigh_Woods
2021-04-22 12:00:36,Clifton
2021-04-22 12:00:39,Clifton
2021-04-22 12:00:45,Leigh_Woods
2021-04-22 12:12:18,Leigh_Woods
2021-04-22 12:12:26,Leigh_Woods
2021-04-22 12:12:29,Leigh_Woods
2021-04-22 12:12:36,Clifton
2021-04-22 12:13:09,Clifton
2021-04-22 12:13:11,Leigh_Woods
2021-04-22 12:13:32,Leigh_Woods
2021-04-22 12:13:39,Leigh_Woods
2021-04-22 12:13:43,Leigh_Woods
2021-04-22 12:13:53,Leigh_Woods
2021-04-22 12:14:04,Leigh_Woods
2021-04-22 12:14:34,Leigh_Woods
2021-04-22 12:14:45,Leigh_Woods
2021-04-22 12:14:51,Leigh_Woods
2021-04-22 12:14:55,Leigh_Woods
2021-04-22 12:14:59,Clifton
2021-04-22 12:15:21,Clifton
2021-04-22 12:15:33,Clifton
2021-04-22 12:15:35,Clifton
2021-04-22 12:15:47,Clifton
2021-04-22 12:15:51,Leigh_Woods
2021-04-22 12:16:04,Clifton
2021-04-22 12:16:09,Leigh_Woods
2021-04-22 12:16:14,Leigh_Woods
2021-04-22 12:16:26,Clifton
2021-04-22 12:16:48,Clifton
2021-04-22 12:16:56,Leigh_Woods
2021-04-22 12:17:05,Leigh_Woods
2021-04-22 12:17:07,Clifton
2021-04-22 12:17:17,Leigh_Woods
2021-04-22 12:17:27,Clifton
2021-04-22 12:18:08,Leigh_Woods
2021-04-22 12:18:10,Leigh_Woods
2021-04-22 12:18:20,Leigh_Woods
2021-04-22 12:18:22,Leigh_Woods
2021-04-22 12:18:27,Leigh_Woods
2021-04-22 12:18:35,Leigh_Woods
2021-04-22 12:18:45,Clifton
2021-04-22 12:19:10,Leigh_Woods
2021-04-22 12:19:14,Clifton
2021-04-22 12:19:17,Leigh_Woods
2021-04-22 12:19:22,Leigh_Woods
2021-04-22 12:19:29,Clifton
2021-04-22 12:19:32,Clifton
2021-04-22 12:19:34,Clifton
2021-04-22 12:19:45,Leigh_Woods
2021-04-22 12:19:52,Clifton
2021-04-22 12:20:00,Clifton
2021-04-22 12:20:18,Leigh_Woods
2021-04-22 12:20:36,Clifton
2021-04-22 12:20:55,Clifton
2021-04-22 12:20:58,Leigh_Woods
2021-04-22 12:21:00,Leigh_Woods
2021-04-22 12:21:12,Leigh_Woods
2021-04-22 12:21:16,Clifton
2021-04-22 12:21:30,Clifton
2021-04-22 12:21:33,Clifton
2021-04-22 12:21:39,Clifton
2021-04-22 12:21:46,Leigh_Woods
2021-04-22 12:21:53,Clifton
2021-04-22 12:21:54,Leigh_Woods
2021-04-22 12:21:57,Clifton
2021-04-22 12:22:24,Clifton
2021-04-22 12:22:34,Clifton
2021-04-22 12:22:42,Clifton
2021-04-22 12:22:50,Leigh_Woods
2021-04-22 12:23:13,Leigh_Woods
2021-04-22 12:23:16,Leigh_Woods
2021-04-22 12:23:21,Leigh_Woods
2021-04-22 12:23:21,Clifton
2021-04-22 12:23:40,Leigh_Woods
2021-04-22 12:24:05,Clifton
2021-04-22 12:24:24,Clifton
2021-04-22 12:25:00,Clifton
2021-04-22 12:25:02,Clifton
2021-04-22 12:25:18,Leigh_Woods
2021-04-22 12:25:23,Clifton
2021-04-22 12:25:30,Leigh_Woods
2021-04-22 12:25:39,Leigh_Woods
2021-04-22 12:25:57,Leigh_Woods
2021-04-22 12:25:58,Clifton
2021-04-22 12:26:06,Clifton
2021-04-22 12:26:12,Clifton
2021-04-22 12:26:16,Clifton
2021-04-22 12:26:29,Clifton
2021-04-22 12:26:33,Clifton
2021-04-22 12:26:34,Leigh_Woods
2021-04-22 12:26:44,Leigh_Woods
2021-04-22 12:26:48,Clifton
2021-04-22 12:26:51,Leigh_Woods
2021-04-22 12:26:53,Leigh_Woods
2021-04-22 12:27:02,Leigh_Woods
2021-04-22 12:27:13,Leigh_Woods
2021-04-22 12:27:16,Leigh_Woods
2021-04-22 12:27:22,Leigh_Woods
2021-04-22 12:27:28,Clifton
2021-04-22 12:27:30,Clifton
2021-04-22 12:27:33,Leigh_Woods
2021-04-22 12:27:36,Leigh_Woods
2021-04-22 12:27:39,Clifton
2021-04-22 12:27:46,Clifton
2021-04-22 12:28:06,Clifton
2021-04-22 12:28:21,Clifton
2021-04-22 12:28:26,Clifton
2021-04-22 12:28:28,Clifton
2021-04-22 12:28:39,Clifton
2021-04-22 12:28:50,Leigh_Woods
2021-04-22 12:28:51,Clifton
2021-04-22 12:28:54,Leigh_Woods
2021-04-22 12:29:06,Leigh_Woods
2021-04-22 12:29:10,Clifton
2021-04-22 12:29:17,Clifton
2021-04-22 12:29:32,Leigh_Woods
2021-04-22 12:29:37,Leigh_Woods
2021-04-22 12:29:47,Leigh_Woods
2021-04-22 12:29:51,Leigh_Woods
2021-04-22 12:29:53,Leigh_Woods
2021-04-22 12:29:59,Leigh_Woods
2021-04-22 12:30:09,Clifton
2021-04-22 12:30:15,Clifton
2021-04-22 12:30:24,Clifton
2021-04-22 12:30:33,Clifton
2021-04-22 12:30:47,Clifton
2021-04-22 12:30:51,Clifton
2021-04-22 12:31:16,Leigh_Woods
2021-04-22 12:31:21,Leigh_Woods
2021-04-22 12:31:23,Leigh_Woods
2021-04-22 12:31:25,Clifton
2021-04-22 12:31:28,Clifton
2021-04-22 12:31:31,Clifton
2021-04-22 12:31:34,Leigh_Woods
2021-04-22 12:31:34,Clifton
2021-04-22 12:31:37,Clifton
2021-04-22 12:31:39,Leigh_Woods
2021-04-22 12:31:40,Clifton
2021-04-22 12:31:46,Leigh_Woods
2021-04-22 12:31:46,Clifton
2021-04-22 12:31:49,Clifton
2021-04-22 12:31:50,Leigh_Woods
2021-04-22 12:31:54,Clifton
2021-04-22 12:31:58,Leigh_Woods
2021-04-22 12:31:58,Clifton
2021-04-22 12:32:08,Clifton
2021-04-22 12:32:11,Leigh_Woods
2021-04-22 12:32:22,Clifton
2021-04-22 12:32:24,Leigh_Woods
2021-04-22 12:32:24,Clifton
2021-04-22 12:32:29,Clifton
2021-04-22 12:32:47,Clifton
2021-04-22 12:32:54,Leigh_Woods
2021-04-22 12:33:14,Leigh_Woods
2021-04-22 12:33:43,Leigh_Woods
2021-04-22 12:33:51,Leigh_Woods
2021-04-22 12:33:53,Leigh_Woods
2021-04-22 12:34:03,Clifton
2021-04-22 12:34:05,Clifton
2021-04-22 12:34:07,Clifton
2021-04-22 12:34:23,Leigh_Woods
2021-04-22 12:34:35,Leigh_Woods
2021-04-22 12:34:36,Leigh_Woods
2021-04-22 12:34:38,Leigh_Woods
2021-04-22 12:34:47,Clifton
2021-04-22 12:34:50,Leigh_Woods
2021-04-22 12:35:02,Leigh_Woods
2021-04-22 12:35:13,Leigh_Woods
2021-04-22 12:35:19,Leigh_Woods
2021-04-22 12:35:21,Leigh_Woods
2021-04-22 12:35:27,Leigh_Woods
2021-04-22 12:35:29,Leigh_Woods
2021-04-22 12:35:38,Leigh_Woods
2021-04-22 12:35:59,Clifton
2021-04-22 12:36:05,Clifton
2021-04-22 12:36:16,Clifton
2021-04-22 12:36:18,Clifton
2021-04-22 12:36:22,Clifton
2021-04-22 12:36:24,Leigh_Woods
2021-04-22 12:36:32,Leigh_Woods
2021-04-22 12:36:33,Clifton
2021-04-22 12:36:36,Leigh_Woods
2021-04-22 12:36:38,Clifton
2021-04-22 12:36:42,Clifton
2021-04-22 12:37:03,Leigh_Woods
2021-04-22 12:37:05,Clifton
2021-04-22 12:37:07,Clifton
2021-04-22 12:37:08,Leigh_Woods
2021-04-22 12:37:32,Clifton
2021-04-22 12:37:38,Clifton
2021-04-22 12:37:39,Clifton
2021-04-22 12:37:50,Clifton
2021-04-22 12:37:57,Clifton
2021-04-22 12:38:39,Leigh_Woods
2021-04-22 12:38:42,Leigh_Woods
2021-04-22 12:38:48,Leigh_Woods
2021-04-22 12:38:51,Leigh_Woods
2021-04-22 12:38:58,Leigh_Woods
2021-04-22 12:39:00,Leigh_Woods
2021-04-22 12:39:26,Clifton
2021-04-22 12:39:31,Clifton
2021-04-22 12:39:42,Leigh_Woods
2021-04-22 12:39:45,Leigh_Woods
2021-04-22 12:39:45,Clifton
2021-04-22 12:39:57,Clifton
2021-04-22 12:40:00,Clifton
2021-04-22 12:40:07,Leigh_Woods
2021-04-22 12:40:13,Leigh_Woods
2021-04-22 12:40:19,Leigh_Woods
2021-04-22 12:40:22,Leigh_Woods
2021-04-22 12:40:40,Leigh_Woods
2021-04-22 12:40:40,Clifton
2021-04-22 12:40:42,Leigh_Woods
2021-04-22 12:40:50,Leigh_Woods
2021-04-22 12:40:58,Leigh_Woods
2021-04-22 12:41:02,Leigh_Woods
2021-04-22 12:41:02,Clifton
2021-04-22 12:41:12,Leigh_Woods
2021-04-22 12:41:31,Clifton
2021-04-22 12:41:52,Clifton
2021-04-22 12:41:58,Clifton
2021-04-22 12:42:06,Leigh_Woods
2021-04-22 12:42:36,Leigh_Woods
2021-04-22 12:42:42,Clifton
2021-04-22 12:42:42,Leigh_Woods
2021-04-22 12:42:47,Clifton
2021-04-22 12:42:51,Clifton
2021-04-22 12:42:56,Leigh_Woods
2021-04-22 12:43:15,Clifton
2021-04-22 12:43:16,Leigh_Woods
2021-04-22 12:43:20,Leigh_Woods
2021-04-22 12:43:24,Leigh_Woods
2021-04-22 12:43:37,Clifton
2021-04-22 12:43:48,Clifton
2021-04-22 12:44:29,Leigh_Woods
2021-04-22 12:44:30,Leigh_Woods
2021-04-22 12:44:39,Clifton
2021-04-22 12:44:47,Clifton
2021-04-22 12:44:53,Leigh_Woods
2021-04-22 12:44:52,Clifton
2021-04-22 12:45:21,Leigh_Woods
2021-04-22 12:45:34,Leigh_Woods
2021-04-22 12:45:36,Leigh_Woods
2021-04-22 12:45:41,Leigh_Woods
2021-04-22 12:45:47,Clifton
2021-04-22 12:45:47,Leigh_Woods
2021-04-22 12:45:52,Leigh_Woods
2021-04-22 12:46:02,Leigh_Woods
2021-04-22 12:46:08,Leigh_Woods
2021-04-22 12:46:10,Leigh_Woods
2021-04-22 12:46:11,Clifton
2021-04-22 12:46:20,Leigh_Woods
2021-04-22 12:46:26,Leigh_Woods
2021-04-22 12:46:27,Clifton
2021-04-22 12:46:29,Leigh_Woods
2021-04-22 12:46:37,Leigh_Woods
2021-04-22 12:46:47,Leigh_Woods
2021-04-22 12:46:56,Clifton
2021-04-22 12:47:00,Leigh_Woods
2021-04-22 12:47:04,Leigh_Woods
2021-04-22 12:47:08,Clifton
2021-04-22 12:47:12,Leigh_Woods
2021-04-22 12:47:14,Leigh_Woods
2021-04-22 12:47:29,Clifton
2021-04-22 12:47:36,Clifton
2021-04-22 12:47:46,Clifton
2021-04-22 12:47:49,Clifton
2021-04-22 12:47:52,Leigh_Woods
2021-04-22 12:48:01,Clifton
2021-04-22 12:48:11,Clifton
2021-04-22 12:48:12,Clifton
2021-04-22 12:48:16,Clifton
2021-04-22 12:48:20,Leigh_Woods
2021-04-22 12:48:36,Leigh_Woods
2021-04-22 12:48:37,Leigh_Woods
2021-04-22 12:48:38,Clifton
2021-04-22 12:48:59,Clifton
2021-04-22 12:49:02,Clifton
2021-04-22 12:49:18,Clifton
2021-04-22 12:49:25,Clifton
2021-04-22 12:49:32,Leigh_Woods
2021-04-22 12:49:33,Clifton
2021-04-22 12:49:35,Leigh_Woods
2021-04-22 12:49:36,Clifton
2021-04-22 12:49:48,Clifton
2021-04-22 12:49:55,Leigh_Woods
2021-04-22 12:50:01,Clifton
2021-04-22 12:50:31,Leigh_Woods
2021-04-22 12:50:37,Leigh_Woods
2021-04-22 12:50:44,Leigh_Woods
2021-04-22 12:50:51,Clifton
2021-04-22 12:50:57,Leigh_Woods
2021-04-22 12:51:10,Clifton
2021-04-22 12:51:11,Leigh_Woods
2021-04-22 12:51:13,Leigh_Woods
2021-04-22 12:51:14,Clifton
2021-04-22 12:51:18,Clifton
2021-04-22 12:51:18,Leigh_Woods
2021-04-22 12:51:22,Leigh_Woods
2021-04-22 12:51:30,Leigh_Woods
2021-04-22 12:51:45,Leigh_Woods
2021-04-22 12:51:58,Clifton
2021-04-22 12:52:00,Leigh_Woods
2021-04-22 12:52:09,Leigh_Woods
2021-04-22 12:52:11,Leigh_Woods
2021-04-22 12:52:16,Clifton
2021-04-22 12:52:26,Leigh_Woods
2021-04-22 12:52:29,Leigh_Woods
2021-04-22 12:52:43,Leigh_Woods
2021-04-22 12:52:45,Clifton
2021-04-22 12:52:50,Leigh_Woods
2021-04-22 12:52:59,Clifton
2021-04-22 12:53:03,Clifton
2021-04-22 12:53:10,Clifton
2021-04-22 12:53:17,Clifton
2021-04-22 12:53:19,Clifton
2021-04-22 12:53:24,Leigh_Woods
2021-04-22 12:53:25,Clifton
2021-04-22 12:53:28,Clifton
2021-04-22 12:53:32,Clifton
2021-04-22 12:53:38,Clifton
2021-04-22 12:53:40,Leigh_Woods
2021-04-22 12:53:53,Leigh_Woods
2021-04-22 12:53:55,Leigh_Woods
2021-04-22 12:54:07,Leigh_Woods
2021-04-22 12:54:11,Clifton
2021-04-22 12:54:22,Clifton
2021-04-22 12:54:29,Leigh_Woods
2021-04-22 12:54:33,Leigh_Woods
2021-04-22 12:54:47,Clifton
2021-04-22 12:54:48,Clifton
2021-04-22 12:55:02,Clifton
2021-04-22 12:55:04,Leigh_Woods
2021-04-22 12:55:05,Clifton
2021-04-22 12:55:07,Leigh_Woods
2021-04-22 12:55:08,Clifton
2021-04-22 12:55:10,Clifton
2021-04-22 12:55:11,Leigh_Woods
2021-04-22 12:55:20,Leigh_Woods
2021-04-22 12:55:23,Leigh_Woods
2021-04-22 12:55:34,Leigh_Woods
2021-04-22 12:55:42,Leigh_Woods
2021-04-22 12:55:57,Leigh_Woods
2021-04-22 12:56:14,Leigh_Woods
2021-04-22 12:56:22,Leigh_Woods
2021-04-22 12:56:25,Leigh_Woods
2021-04-22 12:56:31,Leigh_Woods
2021-04-22 12:56:36,Leigh_Woods
2021-04-22 12:56:39,Clifton
2021-04-22 12:56:41,Clifton
2021-04-22 12:56:49,Leigh_Woods
2021-04-22 12:56:52,Clifton
2021-04-22 12:57:00,Leigh_Woods
2021-04-22 12:57:17,Clifton
2021-04-22 12:57:18,Clifton
2021-04-22 12:57:22,Clifton
2021-04-22 12:57:43,Leigh_Woods
2021-04-22 12:57:50,Clifton
2021-04-22 12:58:12,Leigh_Woods
2021-04-22 12:58:13,Clifton
2021-04-22 12:59:00,Leigh_Woods
2021-04-22 12:59:05,Leigh_Woods
2021-04-22 12:59:16,Leigh_Woods
2021-04-22 12:59:25,Leigh_Woods
2021-04-22 12:59:37,Leigh_Woods
2021-04-22 12:59:41,Leigh_Woods
2021-04-22 12:59:44,Leigh_Woods
2021-04-22 12:59:52,Clifton
2021-04-22 13:00:14,Leigh_Woods
2021-04-22 13:00:21,Leigh_Woods
2021-04-22 13:00:33,Clifton
2021-04-22 13:00:38,Clifton
2021-04-22 13:00:45,Leigh_Woods
2021-04-22 13:00:47,Leigh_Woods
2021-04-22 13:00:57,Clifton
2021-04-22 13:01:04,Leigh_Woods
2021-04-22 13:01:15,Clifton
2021-04-22 13:01:18,Clifton
2021-04-22 13:01:19,Clifton
2021-04-22 13:01:28,Leigh_Woods
2021-04-22 13:01:36,Clifton
2021-04-22 13:01:48,Leigh_Woods
2021-04-22 13:01:51,Leigh_Woods
2021-04-22 13:02:05,Leigh_Woods
2021-04-22 13:02:09,Clifton
2021-04-22 13:02:25,Clifton
2021-04-22 13:02:30,Clifton
2021-04-22 13:02:34,Leigh_Woods
2021-04-22 13:03:02,Clifton
2021-04-22 13:03:04,Leigh_Woods
2021-04-22 13:03:05,Clifton
2021-04-22 13:03:08,Clifton
2021-04-22 13:03:08,Leigh_Woods
2021-04-22 13:03:15,Leigh_Woods
2021-04-22 13:03:28,Clifton
2021-04-22 13:03:31,Clifton
2021-04-22 13:03:32,Clifton
2021-04-22 13:03:42,Clifton
2021-04-22 13:03:51,Leigh_Woods
2021-04-22 13:03:53,Clifton
2021-04-22 13:03:56,Clifton
2021-04-22 13:03:59,Leigh_Woods
2021-04-22 13:04:02,Leigh_Woods
2021-04-22 13:04:13,Leigh_Woods
2021-04-22 13:04:22,Leigh_Woods
2021-04-22 13:04:24,Clifton
2021-04-22 13:04:43,Clifton
2021-04-22 13:04:58,Clifton
2021-04-22 13:04:59,Clifton
2021-04-22 13:05:05,Clifton
2021-04-22 13:05:12,Clifton
2021-04-22 13:05:16,Clifton
2021-04-22 13:05:18,Leigh_Woods
2021-04-22 13:05:29,Leigh_Woods
2021-04-22 13:05:30,Clifton
2021-04-22 13:05:32,Clifton
2021-04-22 13:05:37,Leigh_Woods
2021-04-22 13:05:47,Clifton
2021-04-22 13:05:50,Clifton
2021-04-22 13:06:04,Leigh_Woods
2021-04-22 13:06:07,Leigh_Woods
2021-04-22 13:06:14,Leigh_Woods
2021-04-22 13:06:20,Clifton
2021-04-22 13:06:23,Clifton
2021-04-22 13:06:24,Leigh_Woods
2021-04-22 13:06:24,Leigh_Woods
2021-04-22 13:06:27,Leigh_Woods
2021-04-22 13:06:27,Clifton
2021-04-22 13:06:35,Clifton
2021-04-22 13:06:52,Leigh_Woods
2021-04-22 13:06:55,Clifton
2021-04-22 13:07:01,Clifton
2021-04-22 13:07:09,Clifton
2021-04-22 13:07:16,Leigh_Woods
2021-04-22 13:07:19,Clifton
2021-04-22 13:07:29,Clifton
2021-04-22 13:07:33,Clifton
2021-04-22 13:07:52,Clifton
2021-04-22 13:07:57,Leigh_Woods
2021-04-22 13:08:03,Clifton
2021-04-22 13:08:26,Leigh_Woods
2021-04-22 13:08:29,Clifton
2021-04-22 13:08:41,Leigh_Woods
2021-04-22 13:08:48,Leigh_Woods
2021-04-22 13:08:57,Clifton
2021-04-22 13:09:06,Clifton
2021-04-22 13:09:10,Clifton
2021-04-22 13:09:11,Leigh_Woods
2021-04-22 13:09:13,Leigh_Woods
2021-04-22 13:09:19,Leigh_Woods
2021-04-22 13:09:19,Clifton
2021-04-22 13:09:25,Clifton
2021-04-22 13:09:28,Leigh_Woods
2021-04-22 13:09:30,Clifton
2021-04-22 13:09:35,Clifton
2021-04-22 13:09:51,Clifton
2021-04-22 13:09:58,Clifton
2021-04-22 13:10:00,Clifton
2021-04-22 13:10:08,Leigh_Woods
2021-04-22 13:10:10,Clifton
2021-04-22 13:10:12,Leigh_Woods
2021-04-22 13:10:15,Clifton
2021-04-22 13:10:17,Clifton
2021-04-22 13:10:22,Clifton
2021-04-22 13:10:24,Clifton
2021-04-22 13:10:42,Clifton
2021-04-22 13:10:52,Clifton
2021-04-22 13:11:17,Clifton
2021-04-22 13:11:20,Leigh_Woods
2021-04-22 13:11:31,Leigh_Woods
2021-04-22 13:11:45,Leigh_Woods
2021-04-22 13:11:48,Clifton
2021-04-22 13:11:49,Clifton
2021-04-22 13:11:54,Leigh_Woods
2021-04-22 13:11:57,Clifton
2021-04-22 13:12:00,Leigh_Woods
2021-04-22 13:12:13,Leigh_Woods
2021-04-22 13:12:33,Clifton
2021-04-22 13:12:39,Leigh_Woods
2021-04-22 13:12:41,Leigh_Woods
2021-04-22 13:12:52,Leigh_Woods
2021-04-22 13:13:09,Leigh_Woods
2021-04-22 13:13:14,Leigh_Woods
2021-04-22 13:13:14,Clifton
2021-04-22 13:13:16,Clifton
2021-04-22 13:13:24,Leigh_Woods
2021-04-22 13:13:25,Clifton
2021-04-22 13:13:34,Clifton
2021-04-22 13:13:49,Leigh_Woods
2021-04-22 13:13:52,Leigh_Woods
2021-04-22 13:14:04,Clifton
2021-04-22 13:14:09,Clifton
2021-04-22 13:14:12,Leigh_Woods
2021-04-22 13:14:13,Clifton
2021-04-22 13:14:22,Clifton
2021-04-22 13:14:39,Clifton
2021-04-22 13:14:44,Leigh_Woods
2021-04-22 13:14:44,Clifton
2021-04-22 13:14:51,Clifton
2021-04-22 13:14:58,Clifton
2021-04-22 13:15:33,Leigh_Woods
2021-04-22 13:15:48,Clifton
2021-04-22 13:15:50,Leigh_Woods
2021-04-22 13:15:55,Leigh_Woods
2021-04-22 13:16:00,Clifton
2021-04-22 13:16:01,Clifton
2021-04-22 13:16:08,Clifton
2021-04-22 13:16:11,Clifton
2021-04-22 13:16:17,Clifton
2021-04-22 13:16:27,Clifton
2021-04-22 13:16:43,Clifton
2021-04-22 13:16:54,Leigh_Woods
2021-04-22 13:16:58,Leigh_Woods
2021-04-22 13:17:06,Leigh_Woods
2021-04-22 13:17:11,Clifton
2021-04-22 13:17:12,Clifton
2021-04-22 13:17:21,Clifton
2021-04-22 13:17:47,Leigh_Woods
2021-04-22 13:18:05,Leigh_Woods
2021-04-22 13:18:09,Leigh_Woods
2021-04-22 13:18:15,Leigh_Woods
2021-04-22 13:18:20,Clifton
2021-04-22 13:18:23,Clifton
2021-04-22 13:18:27,Leigh_Woods
2021-04-22 13:18:32,Clifton
2021-04-22 13:18:39,Clifton
2021-04-22 13:18:46,Leigh_Woods
2021-04-22 13:18:49,Leigh_Woods
2021-04-22 13:19:09,Clifton
2021-04-22 13:19:37,Leigh_Woods
2021-04-22 13:19:51,Clifton
2021-04-22 13:20:07,Clifton
2021-04-22 13:20:13,Clifton
2021-04-22 13:20:15,Leigh_Woods
2021-04-22 13:20:20,Clifton
2021-04-22 13:20:28,Leigh_Woods
2021-04-22 13:20:37,Leigh_Woods
2021-04-22 13:20:51,Clifton
2021-04-22 13:21:06,Clifton
2021-04-22 13:21:11,Clifton
2021-04-22 13:21:23,Clifton
2021-04-22 13:21:27,Leigh_Woods
2021-04-22 13:21:34,Leigh_Woods
2021-04-22 13:21:36,Clifton
2021-04-22 13:22:05,Clifton
2021-04-22 13:22:09,Leigh_Woods
2021-04-22 13:22:28,Leigh_Woods
2021-04-22 13:22:36,Leigh_Woods
2021-04-22 13:22:40,Clifton
2021-04-22 13:22:43,Leigh_Woods
2021-04-22 13:22:46,Leigh_Woods
2021-04-22 13:23:00,Clifton
2021-04-22 13:23:02,Clifton
2021-04-22 13:23:04,Leigh_Woods
2021-04-22 13:23:11,Leigh_Woods
2021-04-22 13:23:14,Leigh_Woods
2021-04-22 13:23:30,Leigh_Woods
2021-04-22 13:23:33,Clifton
2021-04-22 13:23:36,Clifton
2021-04-22 13:23:38,Leigh_Woods
2021-04-22 13:23:53,Leigh_Woods
2021-04-22 13:23:59,Clifton
2021-04-22 13:24:12,Leigh_Woods
2021-04-22 13:24:17,Leigh_Woods
2021-04-22 13:24:23,Leigh_Woods
2021-04-22 13:24:27,Leigh_Woods
2021-04-22 13:24:31,Leigh_Woods
2021-04-22 13:24:36,Leigh_Woods
2021-04-22 13:24:41,Clifton
2021-04-22 13:24:43,Clifton
2021-04-22 13:24:49,Leigh_Woods
2021-04-22 13:25:02,Clifton
2021-04-22 13:25:09,Clifton
2021-04-22 13:25:29,Leigh_Woods
2021-04-22 13:25:57,Clifton
2021-04-22 13:26:04,Clifton
2021-04-22 13:26:12,Clifton
2021-04-22 13:26:49,Clifton
2021-04-22 13:27:12,Leigh_Woods
2021-04-22 13:27:16,Clifton
2021-04-22 13:27:20,Clifton
2021-04-22 13:27:30,Leigh_Woods
2021-04-22 13:27:33,Clifton
2021-04-22 13:27:35,Clifton
2021-04-22 13:27:42,Clifton
2021-04-22 13:27:46,Leigh_Woods
2021-04-22 13:28:06,Clifton
2021-04-22 13:28:10,Leigh_Woods
2021-04-22 13:28:15,Clifton
2021-04-22 13:28:16,Leigh_Woods
2021-04-22 13:28:26,Clifton
2021-04-22 13:28:34,Leigh_Woods
2021-04-22 13:28:56,Clifton
2021-04-22 13:28:57,Leigh_Woods
2021-04-22 13:29:06,Clifton
2021-04-22 13:29:19,Leigh_Woods
2021-04-22 13:29:29,Leigh_Woods
2021-04-22 13:29:34,Clifton
2021-04-22 13:29:42,Leigh_Woods
2021-04-22 13:30:03,Clifton
2021-04-22 13:30:05,Clifton
2021-04-22 13:30:08,Clifton
2021-04-22 13:30:14,Clifton
2021-04-22 13:30:56,Clifton
2021-04-22 13:31:11,Clifton
2021-04-22 13:31:23,Clifton
2021-04-22 13:31:32,Leigh_Woods
2021-04-22 13:31:36,Clifton
2021-04-22 13:31:36,Leigh_Woods
2021-04-22 13:31:40,Leigh_Woods
2021-04-22 13:31:47,Leigh_Woods
2021-04-22 13:31:50,Clifton
2021-04-22 13:31:52,Leigh_Woods
2021-04-22 13:31:55,Leigh_Woods
2021-04-22 13:32:07,Clifton
2021-04-22 13:32:08,Leigh_Woods
2021-04-22 13:32:09,Clifton
2021-04-22 13:32:11,Clifton
2021-04-22 13:32:13,Leigh_Woods
2021-04-22 13:32:19,Clifton
2021-04-22 13:32:21,Leigh_Woods
2021-04-22 13:32:24,Leigh_Woods
2021-04-22 13:32:26,Clifton
2021-04-22 13:32:28,Clifton
2021-04-22 13:32:29,Leigh_Woods
2021-04-22 13:32:32,Leigh_Woods
2021-04-22 13:32:33,Clifton
2021-04-22 13:32:42,Leigh_Woods
2021-04-22 13:32:44,Leigh_Woods
2021-04-22 13:32:49,Leigh_Woods
2021-04-22 13:32:51,Leigh_Woods
2021-04-22 13:32:56,Leigh_Woods
2021-04-22 13:33:01,Clifton
2021-04-22 13:33:08,Leigh_Woods
2021-04-22 13:33:13,Leigh_Woods
2021-04-22 13:33:26,Leigh_Woods
2021-04-22 13:33:29,Leigh_Woods
2021-04-22 13:33:32,Leigh_Woods
2021-04-22 13:33:47,Leigh_Woods
2021-04-22 13:33:49,Clifton
2021-04-22 13:33:49,Leigh_Woods
2021-04-22 13:33:52,Leigh_Woods
2021-04-22 13:34:07,Leigh_Woods
2021-04-22 13:34:12,Clifton
2021-04-22 13:34:15,Clifton
2021-04-22 13:34:28,Leigh_Woods
2021-04-22 13:34:30,Leigh_Woods
2021-04-22 13:34:42,Leigh_Woods
2021-04-22 13:34:50,Leigh_Woods
2021-04-22 13:34:54,Leigh_Woods
2021-04-22 13:35:12,Leigh_Woods
2021-04-22 13:35:37,Clifton
2021-04-22 13:35:38,Leigh_Woods
2021-04-22 13:35:55,Leigh_Woods
2021-04-22 13:36:02,Clifton
2021-04-22 13:36:03,Leigh_Woods
2021-04-22 13:36:44,Clifton
2021-04-22 13:36:46,Clifton
2021-04-22 13:37:05,Leigh_Woods
2021-04-22 13:37:14,Leigh_Woods
2021-04-22 13:37:19,Clifton
2021-04-22 13:37:50,Clifton
2021-04-22 13:38:12,Leigh_Woods
2021-04-22 13:38:16,Clifton
2021-04-22 13:38:17,Leigh_Woods
2021-04-22 13:38:22,Clifton
2021-04-22 13:38:23,Leigh_Woods
2021-04-22 13:38:25,Clifton
2021-04-22 13:38:31,Clifton
2021-04-22 13:38:37,Clifton
2021-04-22 13:39:41,Clifton
2021-04-22 13:39:52,Leigh_Woods
2021-04-22 13:39:55,Clifton
2021-04-22 13:39:58,Clifton
2021-04-22 13:40:06,Leigh_Woods
2021-04-22 13:40:07,Leigh_Woods
2021-04-22 13:40:17,Leigh_Woods
2021-04-22 13:40:25,Leigh_Woods
2021-04-22 13:40:29,Leigh_Woods
2021-04-22 13:40:36,Clifton
2021-04-22 13:40:37,Leigh_Woods
2021-04-22 13:40:41,Leigh_Woods
2021-04-22 13:40:44,Leigh_Woods
2021-04-22 13:40:46,Leigh_Woods
2021-04-22 13:40:56,Leigh_Woods
2021-04-22 13:41:01,Clifton
2021-04-22 13:41:02,Leigh_Woods
2021-04-22 13:41:10,Leigh_Woods
2021-04-22 13:41:13,Clifton
2021-04-22 13:41:19,Clifton
2021-04-22 13:41:20,Leigh_Woods
2021-04-22 13:41:28,Clifton
2021-04-22 13:41:36,Leigh_Woods
2021-04-22 13:41:42,Leigh_Woods
2021-04-22 13:42:07,Leigh_Woods
2021-04-22 13:42:11,Leigh_Woods
2021-04-22 13:42:19,Leigh_Woods
2021-04-22 13:42:26,Leigh_Woods
2021-04-22 13:42:36,Leigh_Woods
2021-04-22 13:42:43,Leigh_Woods
2021-04-22 13:42:44,Clifton
2021-04-22 13:42:47,Clifton
2021-04-22 13:42:50,Clifton
2021-04-22 13:42:54,Leigh_Woods
2021-04-22 13:42:57,Leigh_Woods
2021-04-22 13:42:59,Clifton
2021-04-22 13:43:01,Leigh_Woods
2021-04-22 13:43:17,Clifton
2021-04-22 13:43:22,Clifton
2021-04-22 13:43:33,Clifton
2021-04-22 13:43:35,Clifton
2021-04-22 13:43:46,Clifton
2021-04-22 13:43:49,Leigh_Woods
2021-04-22 13:43:49,Clifton
2021-04-22 13:43:52,Clifton
2021-04-22 13:44:01,Clifton
2021-04-22 13:44:05,Clifton
2021-04-22 13:44:15,Clifton
2021-04-22 13:44:18,Clifton
2021-04-22 13:44:23,Clifton
2021-04-22 13:44:31,Leigh_Woods
2021-04-22 13:44:32,Clifton
2021-04-22 13:44:41,Clifton
2021-04-22 13:44:49,Clifton
2021-04-22 13:44:55,Clifton
2021-04-22 13:45:03,Leigh_Woods
2021-04-22 13:45:04,Clifton
2021-04-22 13:45:07,Clifton
2021-04-22 13:45:16,Clifton
2021-04-22 13:45:21,Clifton
2021-04-22 13:45:23,Clifton
2021-04-22 13:45:25,Clifton
2021-04-22 13:45:48,Clifton
2021-04-22 13:45:49,Leigh_Woods
2021-04-22 13:45:53,Leigh_Woods
2021-04-22 13:45:59,Leigh_Woods
2021-04-22 13:46:03,Leigh_Woods
2021-04-22 13:46:06,Leigh_Woods
2021-04-22 13:46:09,Clifton
2021-04-22 13:46:11,Clifton
2021-04-22 13:46:15,Leigh_Woods
2021-04-22 13:46:21,Clifton
2021-04-22 13:46:22,Clifton
2021-04-22 13:46:23,Leigh_Woods
2021-04-22 13:47:09,Clifton
2021-04-22 13:47:10,Leigh_Woods
2021-04-22 13:47:17,Leigh_Woods
2021-04-22 13:47:24,Clifton
2021-04-22 13:47:28,Leigh_Woods
2021-04-22 13:48:02,Clifton
2021-04-22 13:48:29,Leigh_Woods
2021-04-22 13:48:32,Leigh_Woods
2021-04-22 13:48:52,Leigh_Woods
2021-04-22 13:49:00,Clifton
2021-04-22 13:49:02,Clifton
2021-04-22 13:49:13,Leigh_Woods
2021-04-22 13:49:18,Clifton
2021-04-22 13:49:36,Clifton
2021-04-22 13:49:50,Leigh_Woods
2021-04-22 13:50:01,Clifton
2021-04-22 13:50:06,Clifton
2021-04-22 13:50:19,Clifton
2021-04-22 13:50:24,Leigh_Woods
2021-04-22 13:50:30,Leigh_Woods
2021-04-22 13:50:34,Leigh_Woods
2021-04-22 13:50:37,Leigh_Woods
2021-04-22 13:50:42,Leigh_Woods
2021-04-22 13:50:45,Leigh_Woods
2021-04-22 13:50:46,Clifton
2021-04-22 13:50:52,Leigh_Woods
2021-04-22 13:50:56,Leigh_Woods
2021-04-22 13:50:59,Clifton
2021-04-22 13:51:08,Leigh_Woods
2021-04-22 13:51:11,Leigh_Woods
2021-04-22 13:51:17,Clifton
2021-04-22 13:51:19,Clifton
2021-04-22 13:51:25,Clifton
2021-04-22 13:51:30,Leigh_Woods
2021-04-22 13:52:00,Clifton
2021-04-22 13:52:06,Clifton
2021-04-22 13:52:09,Leigh_Woods
2021-04-22 13:52:13,Leigh_Woods
2021-04-22 13:52:14,Clifton
2021-04-22 13:52:39,Clifton
2021-04-22 13:52:46,Clifton
2021-04-22 13:52:50,Clifton
2021-04-22 13:52:55,Clifton
2021-04-22 13:52:57,Clifton
2021-04-22 13:53:00,Clifton
2021-04-22 13:53:12,Leigh_Woods
2021-04-22 13:53:14,Clifton
2021-04-22 13:53:23,Clifton
2021-04-22 13:53:28,Clifton
2021-04-22 13:53:31,Clifton
2021-04-22 13:53:34,Leigh_Woods
2021-04-22 13:53:39,Clifton
2021-04-22 13:53:43,Leigh_Woods
2021-04-22 13:54:09,Leigh_Woods
2021-04-22 13:54:13,Leigh_Woods
2021-04-22 13:54:24,Leigh_Woods
2021-04-22 13:54:27,Leigh_Woods
2021-04-22 13:54:30,Leigh_Woods
2021-04-22 13:54:37,Clifton
2021-04-22 13:54:46,Clifton
2021-04-22 13:54:50,Clifton
2021-04-22 13:54:57,Clifton
2021-04-22 13:55:06,Clifton
2021-04-22 13:55:08,Leigh_Woods
2021-04-22 13:55:13,Leigh_Woods
2021-04-22 13:55:29,Leigh_Woods
2021-04-22 13:55:30,Clifton
2021-04-22 13:55:32,Clifton
2021-04-22 13:55:34,Clifton
2021-04-22 13:55:35,Leigh_Woods
2021-04-22 13:55:45,Clifton
2021-04-22 13:56:03,Clifton
2021-04-22 13:56:08,Leigh_Woods
2021-04-22 13:56:28,Clifton
2021-04-22 13:56:31,Leigh_Woods
2021-04-22 13:56:33,Clifton
2021-04-22 13:56:36,Clifton
2021-04-22 13:56:44,Clifton
2021-04-22 13:56:49,Leigh_Woods
2021-04-22 13:56:53,Leigh_Woods
2021-04-22 13:56:58,Clifton
2021-04-22 13:57:16,Clifton
2021-04-22 13:57:32,Leigh_Woods
2021-04-22 13:57:52,Leigh_Woods
2021-04-22 13:57:58,Leigh_Woods
2021-04-22 13:58:11,Clifton
2021-04-22 13:58:59,Leigh_Woods
2021-04-22 13:59:27,Clifton
2021-04-22 13:59:31,Clifton
2021-04-22 13:59:35,Clifton
2021-04-22 13:59:37,Leigh_Woods
2021-04-22 13:59:38,Clifton
2021-04-22 13:59:41,Clifton
2021-04-22 13:59:44,Clifton
2021-04-22 13:59:46,Leigh_Woods
2021-04-22 13:59:59,Leigh_Woods
2021-04-22 14:00:04,Clifton
2021-04-22 14:00:08,Clifton
2021-04-22 14:00:16,Leigh_Woods
2021-04-22 14:00:26,Clifton
2021-04-22 14:00:33,Leigh_Woods
2021-04-22 14:00:44,Clifton
2021-04-22 14:00:46,Leigh_Woods
2021-04-22 14:01:03,Leigh_Woods
2021-04-22 14:01:09,Clifton
2021-04-22 14:01:13,Leigh_Woods
2021-04-22 14:01:18,Leigh_Woods
2021-04-22 14:01:31,Leigh_Woods
2021-04-22 14:01:43,Clifton
2021-04-22 14:01:46,Clifton
2021-04-22 14:01:48,Clifton
2021-04-22 14:01:51,Clifton
2021-04-22 14:01:51,Leigh_Woods
2021-04-22 14:01:52,Clifton
2021-04-22 14:01:59,Leigh_Woods
2021-04-22 14:02:22,Clifton
2021-04-22 14:02:57,Clifton
2021-04-22 14:02:59,Clifton
2021-04-22 14:03:01,Clifton
2021-04-22 14:03:02,Leigh_Woods
2021-04-22 14:03:04,Clifton
2021-04-22 14:03:07,Leigh_Woods
2021-04-22 14:03:15,Leigh_Woods
2021-04-22 14:03:23,Leigh_Woods
2021-04-22 14:03:28,Clifton
2021-04-22 14:03:32,Leigh_Woods
2021-04-22 14:03:55,Clifton
2021-04-22 14:04:01,Leigh_Woods
2021-04-22 14:04:03,Clifton
2021-04-22 14:04:14,Clifton
2021-04-22 14:04:17,Leigh_Woods
2021-04-22 14:04:24,Leigh_Woods
2021-04-22 14:04:26,Clifton
2021-04-22 14:04:31,Leigh_Woods
2021-04-22 14:04:37,Clifton
2021-04-22 14:04:48,Leigh_Woods
2021-04-22 14:04:53,Clifton
2021-04-22 14:05:01,Leigh_Woods
2021-04-22 14:05:11,Clifton
2021-04-22 14:05:14,Clifton
2021-04-22 14:05:16,Leigh_Woods
2021-04-22 14:05:17,Clifton
2021-04-22 14:05:22,Clifton
2021-04-22 14:05:25,Leigh_Woods
2021-04-22 14:06:06,Leigh_Woods
2021-04-22 14:06:13,Clifton
2021-04-22 14:06:17,Clifton
2021-04-22 14:06:42,Clifton
2021-04-22 14:06:47,Leigh_Woods
2021-04-22 14:06:55,Clifton
2021-04-22 14:07:00,Clifton
2021-04-22 14:07:17,Clifton
2021-04-22 14:07:19,Clifton
2021-04-22 14:07:34,Leigh_Woods
2021-04-22 14:07:37,Clifton
2021-04-22 14:07:50,Clifton
2021-04-22 14:07:59,Clifton
2021-04-22 14:08:21,Clifton
2021-04-22 14:08:26,Leigh_Woods
2021-04-22 14:08:32,Leigh_Woods
2021-04-22 14:08:42,Clifton
2021-04-22 14:08:50,Clifton
2021-04-22 14:08:57,Clifton
2021-04-22 14:09:02,Clifton
2021-04-22 14:09:10,Clifton
2021-04-22 14:09:12,Leigh_Woods
2021-04-22 14:09:31,Clifton
2021-04-22 14:09:33,Leigh_Woods
2021-04-22 14:09:49,Clifton
2021-04-22 14:09:52,Clifton
2021-04-22 14:09:53,Clifton
2021-04-22 14:10:00,Clifton
2021-04-22 14:10:07,Clifton
2021-04-22 14:10:10,Leigh_Woods
2021-04-22 14:10:27,Clifton
2021-04-22 14:10:29,Clifton
2021-04-22 14:10:37,Clifton
2021-04-22 14:10:39,Clifton
2021-04-22 14:10:41,Leigh_Woods
2021-04-22 14:10:51,Leigh_Woods
2021-04-22 14:10:52,Clifton
2021-04-22 14:10:56,Leigh_Woods
2021-04-22 14:10:57,Clifton
2021-04-22 14:10:59,Clifton
2021-04-22 14:11:03,Leigh_Woods
2021-04-22 14:11:09,Leigh_Woods
2021-04-22 14:11:12,Leigh_Woods
2021-04-22 14:11:15,Clifton
2021-04-22 14:11:23,Leigh_Woods
2021-04-22 14:11:31,Clifton
2021-04-22 14:11:33,Clifton
2021-04-22 14:11:44,Clifton
2021-04-22 14:11:49,Clifton
2021-04-22 14:12:01,Leigh_Woods
2021-04-22 14:12:04,Clifton
2021-04-22 14:12:06,Leigh_Woods
2021-04-22 14:12:21,Clifton
2021-04-22 14:12:25,Clifton
2021-04-22 14:12:31,Leigh_Woods
2021-04-22 14:12:33,Clifton
2021-04-22 14:12:41,Clifton
2021-04-22 14:12:45,Clifton
2021-04-22 14:12:50,Leigh_Woods
2021-04-22 14:13:09,Clifton
2021-04-22 14:13:12,Clifton
2021-04-22 14:13:15,Clifton
2021-04-22 14:13:18,Leigh_Woods
2021-04-22 14:13:27,Leigh_Woods
2021-04-22 14:13:30,Clifton
2021-04-22 14:13:34,Leigh_Woods
2021-04-22 14:13:41,Leigh_Woods
2021-04-22 14:13:43,Leigh_Woods
2021-04-22 14:13:50,Clifton
2021-04-22 14:13:52,Clifton
2021-04-22 14:13:58,Clifton
2021-04-22 14:14:00,Leigh_Woods
2021-04-22 14:14:05,Clifton
2021-04-22 14:14:07,Leigh_Woods
2021-04-22 14:14:20,Leigh_Woods
2021-04-22 14:14:23,Leigh_Woods
2021-04-22 14:14:30,Clifton
2021-04-22 14:14:32,Leigh_Woods
2021-04-22 14:14:42,Clifton
2021-04-22 14:14:43,Leigh_Woods
2021-04-22 14:14:44,Leigh_Woods
2021-04-22 14:14:49,Clifton
2021-04-22 14:15:00,Clifton
2021-04-22 14:15:06,Leigh_Woods
2021-04-22 14:15:13,Clifton
2021-04-22 14:15:15,Leigh_Woods
2021-04-22 14:15:19,Clifton
2021-04-22 14:15:20,Leigh_Woods
2021-04-22 14:15:23,Leigh_Woods
2021-04-22 14:15:27,Clifton
2021-04-22 14:15:31,Leigh_Woods
2021-04-22 14:15:41,Leigh_Woods
2021-04-22 14:15:53,Leigh_Woods
2021-04-22 14:16:01,Leigh_Woods
2021-04-22 14:16:04,Leigh_Woods
2021-04-22 14:16:13,Leigh_Woods
2021-04-22 14:16:19,Clifton
2021-04-22 14:16:24,Leigh_Woods
2021-04-22 14:16:30,Leigh_Woods
2021-04-22 14:16:34,Clifton
2021-04-22 14:16:35,Leigh_Woods
2021-04-22 14:16:39,Leigh_Woods
2021-04-22 14:16:42,Leigh_Woods
2021-04-22 14:16:51,Leigh_Woods
2021-04-22 14:16:53,Leigh_Woods
2021-04-22 14:17:04,Leigh_Woods
2021-04-22 14:17:15,Clifton
2021-04-22 14:17:32,Leigh_Woods
2021-04-22 14:17:37,Leigh_Woods
2021-04-22 14:17:40,Leigh_Woods
2021-04-22 14:17:45,Leigh_Woods
2021-04-22 14:17:49,Clifton
2021-04-22 14:17:52,Clifton
2021-04-22 14:17:54,Clifton
2021-04-22 14:17:55,Leigh_Woods
2021-04-22 14:17:59,Clifton
2021-04-22 14:18:02,Leigh_Woods
2021-04-22 14:18:11,Clifton
2021-04-22 14:18:17,Clifton
2021-04-22 14:18:41,Clifton
2021-04-22 14:18:50,Leigh_Woods
2021-04-22 14:18:53,Leigh_Woods
2021-04-22 14:19:11,Leigh_Woods
2021-04-22 14:19:23,Clifton
2021-04-22 14:19:27,Leigh_Woods
2021-04-22 14:19:37,Leigh_Woods
2021-04-22 14:19:38,Clifton
2021-04-22 14:19:50,Clifton
2021-04-22 14:20:00,Leigh_Woods
2021-04-22 14:20:02,Clifton
2021-04-22 14:20:05,Clifton
2021-04-22 14:20:08,Clifton
2021-04-22 14:20:19,Clifton
2021-04-22 14:20:51,Clifton
2021-04-22 14:21:08,Clifton
2021-04-22 14:21:19,Clifton
2021-04-22 14:21:22,Leigh_Woods
2021-04-22 14:21:23,Clifton
2021-04-22 14:21:26,Leigh_Woods
2021-04-22 14:21:37,Leigh_Woods
2021-04-22 14:21:40,Clifton
2021-04-22 14:21:42,Clifton
2021-04-22 14:21:46,Leigh_Woods
2021-04-22 14:21:49,Leigh_Woods
2021-04-22 14:22:00,Clifton
2021-04-22 14:22:02,Leigh_Woods
2021-04-22 14:22:03,Clifton
2021-04-22 14:22:12,Clifton
2021-04-22 14:22:33,Leigh_Woods
2021-04-22 14:22:42,Clifton
2021-04-22 14:22:45,Clifton
2021-04-22 14:22:57,Clifton
2021-04-22 14:23:00,Leigh_Woods
2021-04-22 14:23:03,Clifton
2021-04-22 14:23:06,Leigh_Woods
2021-04-22 14:23:08,Leigh_Woods
2021-04-22 14:23:22,Leigh_Woods
2021-04-22 14:23:23,Clifton
2021-04-22 14:23:26,Leigh_Woods
2021-04-22 14:23:32,Clifton
2021-04-22 14:23:41,Leigh_Woods
2021-04-22 14:23:51,Leigh_Woods
2021-04-22 14:23:59,Leigh_Woods
2021-04-22 14:24:08,Clifton
2021-04-22 14:24:15,Clifton
2021-04-22 14:24:27,Clifton
2021-04-22 14:24:54,Clifton
2021-04-22 14:25:05,Leigh_Woods
2021-04-22 14:25:16,Leigh_Woods
2021-04-22 14:25:20,Clifton
2021-04-22 14:25:41,Clifton
2021-04-22 14:25:43,Clifton
2021-04-22 14:25:47,Leigh_Woods
2021-04-22 14:26:07,Clifton
2021-04-22 14:26:15,Leigh_Woods
2021-04-22 14:26:18,Leigh_Woods
2021-04-22 14:26:24,Leigh_Woods
2021-04-22 14:26:41,Leigh_Woods
2021-04-22 14:26:54,Leigh_Woods
2021-04-22 14:26:57,Clifton
2021-04-22 14:26:59,Leigh_Woods
2021-04-22 14:27:08,Leigh_Woods
2021-04-22 14:27:13,Leigh_Woods
2021-04-22 14:27:20,Leigh_Woods
2021-04-22 14:27:29,Leigh_Woods
2021-04-22 14:27:34,Leigh_Woods
2021-04-22 14:27:39,Clifton
2021-04-22 14:27:41,Clifton
2021-04-22 14:27:43,Leigh_Woods
2021-04-22 14:27:49,Leigh_Woods
2021-04-22 14:27:56,Leigh_Woods
2021-04-22 14:27:59,Clifton
2021-04-22 14:28:00,Leigh_Woods
2021-04-22 14:28:02,Clifton
2021-04-22 14:28:05,Leigh_Woods
2021-04-22 14:28:10,Leigh_Woods
2021-04-22 14:28:11,Clifton
2021-04-22 14:28:13,Clifton
2021-04-22 14:28:14,Leigh_Woods
2021-04-22 14:28:18,Clifton
2021-04-22 14:28:32,Leigh_Woods
2021-04-22 14:28:34,Clifton
2021-04-22 14:28:38,Clifton
2021-04-22 14:28:40,Clifton
2021-04-22 14:28:48,Leigh_Woods
2021-04-22 14:28:58,Leigh_Woods
2021-04-22 14:29:02,Clifton
2021-04-22 14:29:06,Leigh_Woods
2021-04-22 14:29:10,Clifton
2021-04-22 14:29:24,Clifton
2021-04-22 14:29:25,Leigh_Woods
2021-04-22 14:29:33,Clifton
2021-04-22 14:29:39,Clifton
2021-04-22 14:29:48,Clifton
2021-04-22 14:29:54,Leigh_Woods
2021-04-22 14:29:58,Leigh_Woods
2021-04-22 14:30:00,Clifton
2021-04-22 14:30:02,Leigh_Woods
2021-04-22 14:30:13,Leigh_Woods
2021-04-22 14:30:23,Leigh_Woods
2021-04-22 14:30:27,Leigh_Woods
2021-04-22 14:30:34,Leigh_Woods
2021-04-22 14:30:55,Clifton
2021-04-22 14:31:01,Leigh_Woods
2021-04-22 14:31:07,Leigh_Woods
2021-04-22 14:31:17,Leigh_Woods
2021-04-22 14:31:22,Leigh_Woods
2021-04-22 14:31:32,Leigh_Woods
2021-04-22 14:31:34,Clifton
2021-04-22 14:31:50,Clifton
2021-04-22 14:32:07,Clifton
2021-04-22 14:32:09,Clifton
2021-04-22 14:32:19,Leigh_Woods
2021-04-22 14:32:34,Clifton
2021-04-22 14:32:52,Leigh_Woods
2021-04-22 14:32:56,Leigh_Woods
2021-04-22 14:33:04,Clifton
2021-04-22 14:33:06,Clifton
2021-04-22 14:33:11,Leigh_Woods
2021-04-22 14:33:14,Leigh_Woods
2021-04-22 14:39:53,Clifton
2021-04-22 14:39:58,Leigh_Woods
2021-04-22 14:40:19,Clifton
2021-04-22 14:40:23,Clifton
2021-04-22 14:40:28,Clifton
2021-04-22 14:40:29,Leigh_Woods
2021-04-22 14:40:31,Clifton
2021-04-22 14:40:33,Clifton
2021-04-22 14:41:33,Leigh_Woods
2021-04-22 14:41:33,Clifton
2021-04-22 14:41:42,Clifton
2021-04-22 14:41:40,Clifton
2021-04-22 14:41:54,Clifton
2021-04-22 14:41:57,Clifton
2021-04-22 14:42:15,Clifton
2021-04-22 14:42:16,Leigh_Woods
2021-04-22 14:42:23,Clifton
2021-04-22 14:42:30,Clifton
2021-04-22 14:42:35,Clifton
2021-04-22 14:42:42,Leigh_Woods
2021-04-22 14:42:50,Clifton
2021-04-22 14:43:10,Clifton
2021-04-22 14:43:16,Leigh_Woods
2021-04-22 14:43:20,Clifton
2021-04-22 14:43:23,Clifton
2021-04-22 14:43:31,Clifton
2021-04-22 14:43:48,Leigh_Woods
2021-04-22 14:43:51,Clifton
2021-04-22 14:44:00,Leigh_Woods
2021-04-22 14:44:02,Clifton
2021-04-22 14:44:03,Clifton
2021-04-22 14:44:07,Clifton
2021-04-22 14:44:15,Clifton
2021-04-22 14:44:16,Leigh_Woods
2021-04-22 14:44:17,Clifton
2021-04-22 14:44:30,Clifton
2021-04-22 14:44:33,Leigh_Woods
2021-04-22 14:44:39,Leigh_Woods
2021-04-22 14:44:42,Leigh_Woods
2021-04-22 14:44:45,Leigh_Woods
2021-04-22 14:44:48,Leigh_Woods
2021-04-22 14:44:55,Leigh_Woods
2021-04-22 14:44:57,Clifton
2021-04-22 14:45:11,Clifton
2021-04-22 14:45:21,Leigh_Woods
2021-04-22 14:45:22,Clifton
2021-04-22 14:45:25,Leigh_Woods
2021-04-22 14:45:53,Clifton
2021-04-22 14:46:00,Leigh_Woods
2021-04-22 14:46:00,Clifton
2021-04-22 14:46:02,Clifton
2021-04-22 14:46:06,Clifton
2021-04-22 14:46:12,Clifton
2021-04-22 14:46:15,Clifton
2021-04-22 14:46:19,Leigh_Woods
2021-04-22 14:46:24,Clifton
2021-04-22 14:46:37,Clifton
2021-04-22 14:46:38,Leigh_Woods
2021-04-22 14:46:56,Leigh_Woods
2021-04-22 14:47:00,Clifton
2021-04-22 14:47:13,Leigh_Woods
2021-04-22 14:47:15,Clifton
2021-04-22 14:47:18,Clifton
2021-04-22 14:47:20,Clifton
2021-04-22 14:47:20,Leigh_Woods
2021-04-22 14:47:32,Clifton
2021-04-22 14:47:35,Leigh_Woods
2021-04-22 14:47:35,Clifton
2021-04-22 14:47:56,Clifton
2021-04-22 14:48:01,Leigh_Woods
2021-04-22 14:48:09,Leigh_Woods
2021-04-22 14:48:11,Clifton
2021-04-22 14:48:15,Clifton
2021-04-22 14:48:15,Leigh_Woods
2021-04-22 14:48:18,Clifton
2021-04-22 14:48:19,Leigh_Woods
2021-04-22 14:48:23,Leigh_Woods
2021-04-22 14:48:30,Leigh_Woods
2021-04-22 14:48:35,Leigh_Woods
2021-04-22 14:48:38,Clifton
2021-04-22 14:48:41,Clifton
2021-04-22 14:48:43,Clifton
2021-04-22 14:48:46,Clifton
2021-04-22 14:48:50,Clifton
2021-04-22 14:48:56,Leigh_Woods
2021-04-22 14:49:04,Clifton
2021-04-22 14:49:20,Clifton
2021-04-22 14:49:31,Clifton
2021-04-22 14:49:32,Leigh_Woods
2021-04-22 14:49:33,Clifton
2021-04-22 14:49:35,Clifton
2021-04-22 14:49:39,Clifton
2021-04-22 14:49:41,Clifton
2021-04-22 14:49:50,Clifton
2021-04-22 14:49:55,Clifton
2021-04-22 14:50:06,Leigh_Woods
2021-04-22 14:50:11,Clifton
2021-04-22 14:50:14,Leigh_Woods
2021-04-22 14:50:22,Clifton
2021-04-22 14:50:35,Clifton
2021-04-22 14:50:44,Clifton
2021-04-22 14:50:46,Clifton
2021-04-22 14:50:49,Leigh_Woods
2021-04-22 14:50:50,Clifton
2021-04-22 14:50:53,Clifton
2021-04-22 14:50:59,Leigh_Woods
2021-04-22 14:51:05,Leigh_Woods
2021-04-22 14:51:06,Clifton
2021-04-22 14:51:08,Leigh_Woods
2021-04-22 14:51:11,Clifton
2021-04-22 14:51:29,Leigh_Woods
2021-04-22 14:51:35,Clifton
2021-04-22 14:51:45,Clifton
2021-04-22 14:51:47,Clifton
2021-04-22 14:51:52,Leigh_Woods
2021-04-22 14:51:54,Clifton
2021-04-22 14:52:07,Clifton
2021-04-22 14:52:27,Leigh_Woods
2021-04-22 14:52:29,Leigh_Woods
2021-04-22 14:52:33,Clifton
2021-04-22 14:52:36,Clifton
2021-04-22 14:52:36,Leigh_Woods
2021-04-22 14:52:42,Clifton
2021-04-22 14:52:44,Leigh_Woods
2021-04-22 14:53:08,Clifton
2021-04-22 14:53:10,Clifton
2021-04-22 14:53:13,Clifton
2021-04-22 14:53:16,Clifton
2021-04-22 14:53:20,Leigh_Woods
2021-04-22 14:53:25,Clifton
2021-04-22 14:53:31,Leigh_Woods
2021-04-22 14:53:34,Leigh_Woods
2021-04-22 14:53:37,Clifton
2021-04-22 14:53:39,Leigh_Woods
2021-04-22 14:53:43,Leigh_Woods
2021-04-22 14:53:45,Clifton
2021-04-22 14:53:55,Clifton
2021-04-22 14:53:59,Leigh_Woods
2021-04-22 14:54:04,Leigh_Woods
2021-04-22 14:54:18,Clifton
2021-04-22 14:54:20,Leigh_Woods
2021-04-22 14:54:25,Leigh_Woods
2021-04-22 14:54:25,Clifton
2021-04-22 14:54:31,Leigh_Woods
2021-04-22 14:54:36,Clifton
2021-04-22 14:54:38,Leigh_Woods
2021-04-22 14:54:41,Leigh_Woods
2021-04-22 14:54:45,Leigh_Woods
2021-04-22 14:54:53,Leigh_Woods
2021-04-22 14:54:57,Leigh_Woods
2021-04-22 14:55:15,Leigh_Woods
2021-04-22 14:55:21,Clifton
2021-04-22 14:55:22,Leigh_Woods
2021-04-22 14:55:28,Clifton
2021-04-22 14:55:38,Leigh_Woods
2021-04-22 14:55:46,Clifton
2021-04-22 14:55:49,Clifton
2021-04-22 14:55:51,Clifton
2021-04-22 14:55:51,Leigh_Woods
2021-04-22 14:55:56,Clifton
2021-04-22 14:55:59,Clifton
2021-04-22 14:55:59,Leigh_Woods
2021-04-22 14:56:02,Clifton
2021-04-22 14:56:09,Clifton
2021-04-22 14:56:12,Leigh_Woods
2021-04-22 14:56:20,Clifton
2021-04-22 14:56:23,Leigh_Woods
2021-04-22 14:56:26,Clifton
2021-04-22 14:56:36,Clifton
2021-04-22 14:56:39,Clifton
2021-04-22 14:56:39,Leigh_Woods
2021-04-22 14:56:41,Leigh_Woods
2021-04-22 14:56:48,Clifton
2021-04-22 14:56:54,Leigh_Woods
2021-04-22 14:56:59,Leigh_Woods
2021-04-22 14:57:08,Clifton
2021-04-22 14:57:20,Leigh_Woods
2021-04-22 14:57:31,Clifton
2021-04-22 14:57:40,Clifton
2021-04-22 14:57:44,Leigh_Woods
2021-04-22 14:57:51,Clifton
2021-04-22 14:58:00,Leigh_Woods
2021-04-22 14:58:04,Leigh_Woods
2021-04-22 14:58:11,Leigh_Woods
2021-04-22 14:58:16,Clifton
2021-04-22 14:58:19,Leigh_Woods
2021-04-22 14:58:19,Clifton
2021-04-22 14:58:33,Clifton
2021-04-22 14:58:36,Leigh_Woods
2021-04-22 14:58:37,Clifton
2021-04-22 14:58:45,Leigh_Woods
2021-04-22 14:58:47,Leigh_Woods
2021-04-22 14:58:50,Clifton
2021-04-22 14:58:53,Leigh_Woods
2021-04-22 14:59:04,Clifton
2021-04-22 14:59:09,Clifton
2021-04-22 14:59:12,Clifton
2021-04-22 14:59:19,Leigh_Woods
2021-04-22 14:59:24,Leigh_Woods
2021-04-22 14:59:31,Clifton
2021-04-22 14:59:47,Leigh_Woods
2021-04-22 14:59:59,Leigh_Woods
2021-04-22 15:00:02,Clifton
2021-04-22 15:00:03,Leigh_Woods
2021-04-22 15:00:21,Clifton
2021-04-22 15:00:23,Clifton
2021-04-22 15:00:25,Leigh_Woods
2021-04-22 15:00:41,Leigh_Woods
2021-04-22 15:00:49,Leigh_Woods
2021-04-22 15:00:51,Clifton
2021-04-22 15:00:53,Clifton
2021-04-22 15:00:56,Leigh_Woods
2021-04-22 15:01:02,Leigh_Woods
2021-04-22 15:01:03,Clifton
2021-04-22 15:01:07,Clifton
2021-04-22 15:01:18,Leigh_Woods
2021-04-22 15:01:20,Leigh_Woods
2021-04-22 15:01:21,Clifton
2021-04-22 15:01:26,Clifton
2021-04-22 15:01:35,Clifton
2021-04-22 15:01:50,Clifton
2021-04-22 15:01:55,Clifton
2021-04-22 15:01:56,Leigh_Woods
2021-04-22 15:02:01,Leigh_Woods
2021-04-22 15:02:01,Clifton
2021-04-22 15:02:07,Clifton
2021-04-22 15:02:10,Leigh_Woods
2021-04-22 15:02:10,Clifton
2021-04-22 15:02:15,Clifton
2021-04-22 15:02:16,Clifton
2021-04-22 15:02:29,Clifton
2021-04-22 15:02:42,Clifton
2021-04-22 15:02:56,Leigh_Woods
2021-04-22 15:02:59,Leigh_Woods
2021-04-22 15:03:09,Clifton
2021-04-22 15:03:10,Leigh_Woods
2021-04-22 15:03:16,Leigh_Woods
2021-04-22 15:03:17,Clifton
2021-04-22 15:03:19,Leigh_Woods
2021-04-22 15:03:20,Clifton
2021-04-22 15:03:43,Clifton
2021-04-22 15:03:48,Clifton
2021-04-22 15:03:48,Leigh_Woods
2021-04-22 15:04:02,Leigh_Woods
2021-04-22 15:04:03,Clifton
2021-04-22 15:04:13,Clifton
2021-04-22 15:04:14,Leigh_Woods
2021-04-22 15:04:45,Clifton
2021-04-22 15:04:56,Clifton
2021-04-22 15:05:04,Clifton
2021-04-22 15:05:24,Clifton
2021-04-22 15:05:32,Clifton
2021-04-22 15:05:36,Clifton
2021-04-22 15:06:15,Leigh_Woods
2021-04-22 15:06:43,Clifton
2021-04-22 15:06:52,Leigh_Woods
2021-04-22 15:06:54,Leigh_Woods
2021-04-22 15:07:00,Clifton
2021-04-22 15:07:06,Leigh_Woods
2021-04-22 15:07:25,Leigh_Woods
2021-04-22 15:07:34,Clifton
2021-04-22 15:07:36,Clifton
2021-04-22 15:07:45,Clifton
2021-04-22 15:08:04,Clifton
2021-04-22 15:08:08,Leigh_Woods
2021-04-22 15:08:10,Clifton
2021-04-22 15:08:14,Leigh_Woods
2021-04-22 15:08:17,Leigh_Woods
2021-04-22 15:08:18,Clifton
2021-04-22 15:08:22,Leigh_Woods
2021-04-22 15:08:40,Clifton
2021-04-22 15:08:45,Clifton
2021-04-22 15:08:57,Leigh_Woods
2021-04-22 15:09:00,Clifton
2021-04-22 15:09:01,Leigh_Woods
2021-04-22 15:09:06,Clifton
2021-04-22 15:09:15,Clifton
2021-04-22 15:09:19,Clifton
2021-04-22 15:09:38,Clifton
2021-04-22 15:09:56,Clifton
2021-04-22 15:09:57,Leigh_Woods
2021-04-22 15:09:59,Clifton
2021-04-22 15:10:03,Clifton
2021-04-22 15:10:05,Clifton
2021-04-22 15:10:15,Clifton
2021-04-22 15:10:17,Clifton
2021-04-22 15:10:31,Clifton
2021-04-22 15:10:33,Clifton
2021-04-22 15:10:49,Clifton
2021-04-22 15:10:59,Clifton
2021-04-22 15:11:00,Leigh_Woods
2021-04-22 15:11:11,Clifton
2021-04-22 15:11:16,Leigh_Woods
2021-04-22 15:11:21,Clifton
2021-04-22 15:11:29,Clifton
2021-04-22 15:11:33,Leigh_Woods
2021-04-22 15:11:40,Clifton
2021-04-22 15:11:43,Clifton
2021-04-22 15:11:51,Leigh_Woods
2021-04-22 15:11:55,Clifton
2021-04-22 15:11:57,Clifton
2021-04-22 15:11:58,Leigh_Woods
2021-04-22 15:12:07,Leigh_Woods
2021-04-22 15:12:10,Leigh_Woods
2021-04-22 15:12:12,Clifton
2021-04-22 15:12:18,Leigh_Woods
2021-04-22 15:12:21,Leigh_Woods
2021-04-22 15:12:23,Clifton
2021-04-22 15:12:43,Clifton
2021-04-22 15:12:45,Clifton
2021-04-22 15:12:47,Clifton
2021-04-22 15:12:50,Clifton
2021-04-22 15:12:52,Clifton
2021-04-22 15:12:55,Leigh_Woods
2021-04-22 15:12:58,Leigh_Woods
2021-04-22 15:13:03,Clifton
2021-04-22 15:13:06,Leigh_Woods
2021-04-22 15:13:14,Clifton
2021-04-22 15:13:16,Clifton
2021-04-22 15:13:20,Leigh_Woods
2021-04-22 15:13:30,Leigh_Woods
2021-04-22 15:13:38,Clifton
2021-04-22 15:13:48,Leigh_Woods
2021-04-22 15:13:52,Leigh_Woods
2021-04-22 15:13:55,Leigh_Woods
2021-04-22 15:14:16,Leigh_Woods
2021-04-22 15:14:20,Leigh_Woods
2021-04-22 15:14:26,Leigh_Woods
2021-04-22 15:14:31,Leigh_Woods
2021-04-22 15:14:40,Leigh_Woods
2021-04-22 15:14:43,Leigh_Woods
2021-04-22 15:14:51,Leigh_Woods
2021-04-22 15:14:53,Clifton
2021-04-22 15:14:58,Clifton
2021-04-22 15:15:02,Clifton
2021-04-22 15:15:06,Clifton
2021-04-22 15:15:12,Leigh_Woods
2021-04-22 15:15:21,Leigh_Woods
2021-04-22 15:15:34,Clifton
2021-04-22 15:15:34,Leigh_Woods
2021-04-22 15:15:41,Clifton
2021-04-22 15:15:43,Leigh_Woods
2021-04-22 15:15:44,Clifton
2021-04-22 15:15:48,Clifton
2021-04-22 15:15:54,Leigh_Woods
2021-04-22 15:15:56,Leigh_Woods
2021-04-22 15:16:00,Leigh_Woods
2021-04-22 15:16:04,Leigh_Woods
2021-04-22 15:16:06,Clifton
2021-04-22 15:16:09,Leigh_Woods
2021-04-22 15:16:10,Clifton
2021-04-22 15:16:32,Leigh_Woods
2021-04-22 15:16:37,Leigh_Woods
2021-04-22 15:16:53,Clifton
2021-04-22 15:16:58,Clifton
2021-04-22 15:16:58,Leigh_Woods
2021-04-22 15:17:01,Leigh_Woods
2021-04-22 15:17:03,Clifton
2021-04-22 15:17:04,Leigh_Woods
2021-04-22 15:17:06,Leigh_Woods
2021-04-22 15:17:12,Clifton
2021-04-22 15:17:32,Clifton
2021-04-22 15:17:39,Clifton
2021-04-22 15:17:44,Clifton
2021-04-22 15:17:48,Leigh_Woods
2021-04-22 15:18:00,Clifton
2021-04-22 15:18:10,Clifton
2021-04-22 15:18:36,Leigh_Woods
2021-04-22 15:18:39,Leigh_Woods
2021-04-22 15:18:41,Leigh_Woods
2021-04-22 15:18:43,Leigh_Woods
2021-04-22 15:18:51,Leigh_Woods
2021-04-22 15:19:01,Clifton
2021-04-22 15:19:02,Leigh_Woods
2021-04-22 15:19:04,Leigh_Woods
2021-04-22 15:19:09,Clifton
2021-04-22 15:19:11,Leigh_Woods
2021-04-22 15:19:14,Leigh_Woods
2021-04-22 15:19:23,Clifton
2021-04-22 15:19:26,Clifton
2021-04-22 15:19:29,Clifton
2021-04-22 15:19:31,Leigh_Woods
2021-04-22 15:19:34,Leigh_Woods
2021-04-22 15:19:39,Leigh_Woods
2021-04-22 15:20:19,Clifton
2021-04-22 15:20:24,Clifton
2021-04-22 15:20:25,Leigh_Woods
2021-04-22 15:20:27,Clifton
2021-04-22 15:20:27,Leigh_Woods
2021-04-22 15:20:31,Clifton
2021-04-22 15:20:32,Leigh_Woods
2021-04-22 15:20:37,Leigh_Woods
2021-04-22 15:20:48,Clifton
2021-04-22 15:20:49,Leigh_Woods
2021-04-22 15:21:00,Leigh_Woods
2021-04-22 15:21:03,Leigh_Woods
2021-04-22 15:21:09,Clifton
2021-04-22 15:21:10,Leigh_Woods
2021-04-22 15:21:15,Clifton
2021-04-22 15:21:17,Leigh_Woods
2021-04-22 15:21:18,Clifton
2021-04-22 15:21:25,Clifton
2021-04-22 15:21:29,Clifton
2021-04-22 15:21:32,Leigh_Woods
2021-04-22 15:21:35,Clifton
2021-04-22 15:21:46,Clifton
2021-04-22 15:21:49,Clifton
2021-04-22 15:21:55,Clifton
2021-04-22 15:21:59,Clifton
2021-04-22 15:22:05,Clifton
2021-04-22 15:23:09,Leigh_Woods
2021-04-22 15:23:20,Clifton
2021-04-22 15:23:31,Clifton
2021-04-22 15:23:37,Clifton
2021-04-22 15:23:45,Clifton
2021-04-22 15:23:48,Clifton
2021-04-22 15:23:53,Clifton
2021-04-22 15:23:53,Leigh_Woods
2021-04-22 15:23:56,Clifton
2021-04-22 15:24:00,Clifton
2021-04-22 15:24:06,Clifton
2021-04-22 15:24:22,Clifton
2021-04-22 15:24:29,Leigh_Woods
2021-04-22 15:24:47,Leigh_Woods
2021-04-22 15:24:50,Leigh_Woods
2021-04-22 15:24:53,Leigh_Woods
2021-04-22 15:24:58,Leigh_Woods
2021-04-22 15:25:05,Clifton
2021-04-22 15:25:08,Clifton
2021-04-22 15:25:09,Clifton
2021-04-22 15:25:11,Leigh_Woods
2021-04-22 15:25:16,Clifton
2021-04-22 15:25:30,Clifton
2021-04-22 15:25:32,Clifton
2021-04-22 15:25:39,Clifton
2021-04-22 15:25:40,Leigh_Woods
2021-04-22 15:25:53,Leigh_Woods
2021-04-22 15:26:00,Leigh_Woods
2021-04-22 15:26:01,Clifton
2021-04-22 15:26:06,Leigh_Woods
2021-04-22 15:26:18,Leigh_Woods
2021-04-22 15:26:21,Clifton
2021-04-22 15:26:25,Clifton
2021-04-22 15:26:29,Leigh_Woods
2021-04-22 15:26:36,Leigh_Woods
2021-04-22 15:26:41,Clifton
2021-04-22 15:26:43,Leigh_Woods
2021-04-22 15:26:49,Leigh_Woods
2021-04-22 15:26:53,Clifton
2021-04-22 15:26:58,Clifton
2021-04-22 15:26:59,Leigh_Woods
2021-04-22 15:27:01,Clifton
2021-04-22 15:27:02,Leigh_Woods
2021-04-22 15:27:04,Leigh_Woods
2021-04-22 15:27:08,Leigh_Woods
2021-04-22 15:27:10,Clifton
2021-04-22 15:27:12,Leigh_Woods
2021-04-22 15:27:15,Leigh_Woods
2021-04-22 15:27:21,Leigh_Woods
2021-04-22 15:27:24,Clifton
2021-04-22 15:27:27,Leigh_Woods
2021-04-22 15:27:30,Leigh_Woods
2021-04-22 15:27:34,Clifton
2021-04-22 15:27:34,Leigh_Woods
2021-04-22 15:27:48,Clifton
2021-04-22 15:27:52,Leigh_Woods
2021-04-22 15:28:01,Leigh_Woods
2021-04-22 15:28:04,Leigh_Woods
2021-04-22 15:28:07,Leigh_Woods
2021-04-22 15:28:09,Leigh_Woods
2021-04-22 15:28:14,Leigh_Woods
2021-04-22 15:28:39,Clifton
2021-04-22 15:28:42,Leigh_Woods
2021-04-22 15:28:54,Clifton
2021-04-22 15:29:14,Clifton
2021-04-22 15:29:29,Leigh_Woods
2021-04-22 15:29:39,Clifton
2021-04-22 15:29:42,Clifton
2021-04-22 15:29:46,Clifton
2021-04-22 15:29:52,Leigh_Woods
2021-04-22 15:29:55,Clifton
2021-04-22 15:29:59,Leigh_Woods
2021-04-22 15:30:03,Clifton
2021-04-22 15:30:08,Leigh_Woods
2021-04-22 15:30:09,Clifton
2021-04-22 15:30:10,Leigh_Woods
2021-04-22 15:30:14,Clifton
2021-04-22 15:30:16,Leigh_Woods
2021-04-22 15:30:19,Clifton
2021-04-22 15:30:19,Leigh_Woods
2021-04-22 15:30:23,Leigh_Woods
2021-04-22 15:30:31,Leigh_Woods
2021-04-22 15:30:37,Leigh_Woods
2021-04-22 15:30:42,Clifton
2021-04-22 15:30:44,Leigh_Woods
2021-04-22 15:30:48,Clifton
2021-04-22 15:30:53,Clifton
2021-04-22 15:31:06,Clifton
2021-04-22 15:31:10,Leigh_Woods
2021-04-22 15:31:17,Leigh_Woods
2021-04-22 15:31:21,Leigh_Woods
2021-04-22 15:31:33,Clifton
2021-04-22 15:31:38,Clifton
2021-04-22 15:31:52,Clifton
2021-04-22 15:31:58,Clifton
2021-04-22 15:32:04,Clifton
2021-04-22 15:32:07,Leigh_Woods
2021-04-22 15:32:10,Leigh_Woods
2021-04-22 15:32:17,Leigh_Woods
2021-04-22 15:32:21,Clifton
2021-04-22 15:32:24,Clifton
2021-04-22 15:32:32,Clifton
2021-04-22 15:32:35,Clifton
2021-04-22 15:32:47,Clifton
2021-04-22 15:32:51,Clifton
2021-04-22 15:32:54,Clifton
2021-04-22 15:32:56,Leigh_Woods
2021-04-22 15:32:56,Leigh_Woods
2021-04-22 15:33:05,Leigh_Woods
2021-04-22 15:33:08,Leigh_Woods
2021-04-22 15:33:14,Leigh_Woods
2021-04-22 15:33:17,Leigh_Woods
2021-04-22 15:33:35,Leigh_Woods
2021-04-22 15:33:43,Leigh_Woods
2021-04-22 15:33:51,Clifton
2021-04-22 15:33:54,Clifton
2021-04-22 15:33:58,Leigh_Woods
2021-04-22 15:34:05,Clifton
2021-04-22 15:34:12,Clifton
2021-04-22 15:34:14,Clifton
2021-04-22 15:34:15,Clifton
2021-04-22 15:34:16,Leigh_Woods
2021-04-22 15:34:25,Clifton
2021-04-22 15:34:31,Clifton
2021-04-22 15:34:33,Clifton
2021-04-22 15:34:39,Clifton
2021-04-22 15:34:49,Clifton
2021-04-22 15:34:52,Clifton
2021-04-22 15:34:55,Leigh_Woods
2021-04-22 15:35:03,Clifton
2021-04-22 15:35:04,Clifton
2021-04-22 15:35:12,Clifton
2021-04-22 15:35:36,Clifton
2021-04-22 15:35:38,Leigh_Woods
2021-04-22 15:35:44,Clifton
2021-04-22 15:35:54,Leigh_Woods
2021-04-22 15:36:05,Clifton
2021-04-22 15:36:10,Leigh_Woods
2021-04-22 15:36:12,Clifton
2021-04-22 15:36:18,Clifton
2021-04-22 15:36:21,Leigh_Woods
2021-04-22 15:36:27,Leigh_Woods
2021-04-22 15:36:36,Clifton
2021-04-22 15:36:44,Clifton
2021-04-22 15:37:07,Leigh_Woods
2021-04-22 15:37:10,Clifton
2021-04-22 15:37:13,Clifton
2021-04-22 15:37:18,Clifton
2021-04-22 15:37:34,Leigh_Woods
2021-04-22 15:37:44,Clifton
2021-04-22 15:37:45,Leigh_Woods
2021-04-22 15:37:48,Leigh_Woods
2021-04-22 15:37:58,Leigh_Woods
2021-04-22 15:37:59,Clifton
2021-04-22 15:38:01,Clifton
2021-04-22 15:38:03,Clifton
2021-04-22 15:38:06,Clifton
2021-04-22 15:38:10,Clifton
2021-04-22 15:38:18,Clifton
2021-04-22 15:38:19,Leigh_Woods
2021-04-22 15:38:20,Clifton
2021-04-22 15:38:27,Leigh_Woods
2021-04-22 15:38:31,Clifton
2021-04-22 15:38:36,Leigh_Woods
2021-04-22 15:38:50,Leigh_Woods
2021-04-22 15:39:01,Clifton
2021-04-22 15:39:15,Clifton
2021-04-22 15:39:16,Leigh_Woods
2021-04-22 15:39:17,Clifton
2021-04-22 15:39:20,Clifton
2021-04-22 15:39:21,Clifton
2021-04-22 15:39:22,Leigh_Woods
2021-04-22 15:39:24,Clifton
2021-04-22 15:39:27,Clifton
2021-04-22 15:39:30,Clifton
2021-04-22 15:39:40,Clifton
2021-04-22 15:39:42,Leigh_Woods
2021-04-22 15:39:45,Clifton
2021-04-22 15:39:48,Leigh_Woods
2021-04-22 15:40:01,Clifton
2021-04-22 15:40:06,Clifton
2021-04-22 15:40:07,Leigh_Woods
2021-04-22 15:40:14,Clifton
2021-04-22 15:40:16,Leigh_Woods
2021-04-22 15:40:21,Leigh_Woods
2021-04-22 15:40:28,Leigh_Woods
2021-04-22 15:40:30,Clifton
2021-04-22 15:40:32,Clifton
2021-04-22 15:40:43,Clifton
2021-04-22 15:40:45,Clifton
2021-04-22 15:40:48,Clifton
2021-04-22 15:40:49,Clifton
2021-04-22 15:40:58,Clifton
2021-04-22 15:40:59,Leigh_Woods
2021-04-22 15:41:36,Leigh_Woods
2021-04-22 15:41:38,Leigh_Woods
2021-04-22 15:41:42,Clifton
2021-04-22 15:41:44,Leigh_Woods
2021-04-22 15:41:46,Clifton
2021-04-22 15:41:47,Leigh_Woods
2021-04-22 15:41:48,Clifton
2021-04-22 15:41:50,Clifton
2021-04-22 15:41:51,Clifton
2021-04-22 15:41:56,Leigh_Woods
2021-04-22 15:42:02,Clifton
2021-04-22 15:42:08,Clifton
2021-04-22 15:42:10,Clifton
2021-04-22 15:42:25,Clifton
2021-04-22 15:42:31,Leigh_Woods
2021-04-22 15:42:31,Clifton
2021-04-22 15:42:39,Clifton
2021-04-22 15:42:42,Leigh_Woods
2021-04-22 15:42:43,Clifton
2021-04-22 15:42:45,Leigh_Woods
2021-04-22 15:42:54,Leigh_Woods
2021-04-22 15:42:56,Clifton
2021-04-22 15:43:01,Leigh_Woods
2021-04-22 15:43:05,Clifton
2021-04-22 15:43:07,Leigh_Woods
2021-04-22 15:43:08,Clifton
2021-04-22 15:43:11,Leigh_Woods
2021-04-22 15:43:16,Leigh_Woods
2021-04-22 15:43:18,Leigh_Woods
2021-04-22 15:43:29,Clifton
2021-04-22 15:43:29,Clifton
2021-04-22 15:43:32,Leigh_Woods
2021-04-22 15:43:34,Clifton
2021-04-22 15:43:37,Leigh_Woods
2021-04-22 15:43:47,Leigh_Woods
2021-04-22 15:43:48,Clifton
2021-04-22 15:43:58,Clifton
2021-04-22 15:44:00,Clifton
2021-04-22 15:44:09,Clifton
2021-04-22 15:44:13,Clifton
2021-04-22 15:44:19,Clifton
2021-04-22 15:44:20,Leigh_Woods
2021-04-22 15:44:28,Clifton
2021-04-22 15:44:29,Clifton
2021-04-22 15:44:30,Leigh_Woods
2021-04-22 15:44:41,Leigh_Woods
2021-04-22 15:44:46,Leigh_Woods
2021-04-22 15:44:52,Leigh_Woods
2021-04-22 15:44:59,Clifton
2021-04-22 15:45:01,Leigh_Woods
2021-04-22 15:45:02,Clifton
2021-04-22 15:45:09,Leigh_Woods
2021-04-22 15:45:10,Clifton
2021-04-22 15:45:16,Leigh_Woods
2021-04-22 15:45:19,Leigh_Woods
2021-04-22 15:45:25,Clifton
2021-04-22 15:45:29,Leigh_Woods
2021-04-22 15:45:36,Leigh_Woods
2021-04-22 15:45:41,Leigh_Woods
2021-04-22 15:45:45,Leigh_Woods
2021-04-22 15:45:46,Clifton
2021-04-22 15:45:50,Clifton
2021-04-22 15:45:54,Clifton
2021-04-22 15:45:55,Clifton
2021-04-22 15:45:57,Leigh_Woods
2021-04-22 15:46:32,Leigh_Woods
2021-04-22 15:46:39,Clifton
2021-04-22 15:46:49,Leigh_Woods
2021-04-22 15:46:52,Clifton
2021-04-22 15:46:54,Clifton
2021-04-22 15:47:00,Clifton
2021-04-22 15:47:04,Clifton
2021-04-22 15:47:09,Leigh_Woods
2021-04-22 15:47:14,Leigh_Woods
2021-04-22 15:47:16,Leigh_Woods
2021-04-22 15:47:20,Clifton
2021-04-22 15:47:20,Leigh_Woods
2021-04-22 15:47:25,Leigh_Woods
2021-04-22 15:47:26,Clifton
2021-04-22 15:47:35,Leigh_Woods
2021-04-22 15:47:40,Leigh_Woods
2021-04-22 15:47:43,Clifton
2021-04-22 15:47:43,Leigh_Woods
2021-04-22 15:47:45,Clifton
2021-04-22 15:47:51,Leigh_Woods
2021-04-22 15:47:56,Leigh_Woods
2021-04-22 15:47:58,Clifton
2021-04-22 15:48:00,Clifton
2021-04-22 15:48:08,Clifton
2021-04-22 15:48:26,Clifton
2021-04-22 15:48:30,Leigh_Woods
2021-04-22 15:48:31,Clifton
2021-04-22 15:48:41,Leigh_Woods
2021-04-22 15:48:43,Leigh_Woods
2021-04-22 15:48:47,Leigh_Woods
2021-04-22 15:48:53,Leigh_Woods
2021-04-22 15:49:03,Leigh_Woods
2021-04-22 15:49:05,Leigh_Woods
2021-04-22 15:49:08,Leigh_Woods
2021-04-22 15:49:11,Clifton
2021-04-22 15:49:11,Leigh_Woods
2021-04-22 15:49:19,Leigh_Woods
2021-04-22 15:49:22,Leigh_Woods
2021-04-22 15:49:25,Clifton
2021-04-22 15:49:37,Leigh_Woods
2021-04-22 15:49:38,Leigh_Woods
2021-04-22 15:49:49,Leigh_Woods
2021-04-22 15:49:51,Leigh_Woods
2021-04-22 15:49:57,Leigh_Woods
2021-04-22 15:50:06,Clifton
2021-04-22 15:50:11,Leigh_Woods
2021-04-22 15:50:12,Leigh_Woods
2021-04-22 15:50:18,Leigh_Woods
2021-04-22 15:50:19,Clifton
2021-04-22 15:50:23,Clifton
2021-04-22 15:50:26,Leigh_Woods
2021-04-22 15:50:26,Clifton
2021-04-22 15:50:30,Clifton
2021-04-22 15:50:38,Leigh_Woods
2021-04-22 15:50:44,Leigh_Woods
2021-04-22 15:50:48,Leigh_Woods
2021-04-22 15:50:51,Clifton
2021-04-22 15:50:53,Clifton
2021-04-22 15:50:57,Clifton
2021-04-22 15:50:58,Leigh_Woods
2021-04-22 15:51:04,Leigh_Woods
2021-04-22 15:51:08,Leigh_Woods
2021-04-22 15:51:13,Clifton
2021-04-22 15:51:15,Clifton
2021-04-22 15:51:17,Clifton
2021-04-22 15:51:21,Clifton
2021-04-22 15:51:24,Leigh_Woods
2021-04-22 15:51:24,Clifton
2021-04-22 15:51:29,Clifton
2021-04-22 15:51:32,Clifton
2021-04-22 15:51:33,Leigh_Woods
2021-04-22 15:51:35,Leigh_Woods
2021-04-22 15:51:41,Leigh_Woods
2021-04-22 15:51:44,Leigh_Woods
2021-04-22 15:51:53,Leigh_Woods
2021-04-22 15:51:56,Leigh_Woods
2021-04-22 15:52:01,Leigh_Woods
2021-04-22 15:52:04,Leigh_Woods
2021-04-22 15:52:13,Leigh_Woods
2021-04-22 15:52:15,Leigh_Woods
2021-04-22 15:52:19,Leigh_Woods
2021-04-22 15:52:23,Leigh_Woods
2021-04-22 15:52:30,Leigh_Woods
2021-04-22 15:52:33,Clifton
2021-04-22 15:52:45,Clifton
2021-04-22 15:52:55,Clifton
2021-04-22 15:52:57,Leigh_Woods
2021-04-22 15:53:00,Leigh_Woods
2021-04-22 15:53:02,Clifton
2021-04-22 15:53:04,Clifton
2021-04-22 15:53:08,Leigh_Woods
2021-04-22 15:53:10,Leigh_Woods
2021-04-22 15:53:13,Clifton
2021-04-22 15:53:28,Leigh_Woods
2021-04-22 15:53:32,Clifton
2021-04-22 15:53:34,Clifton
2021-04-22 15:53:36,Leigh_Woods
2021-04-22 15:53:36,Clifton
2021-04-22 15:53:39,Leigh_Woods
2021-04-22 15:53:44,Clifton
2021-04-22 15:53:45,Leigh_Woods
2021-04-22 15:53:49,Clifton
2021-04-22 15:54:04,Clifton
2021-04-22 15:54:26,Clifton
2021-04-22 15:54:32,Leigh_Woods
2021-04-22 15:54:44,Leigh_Woods
2021-04-22 15:54:44,Clifton
2021-04-22 15:54:46,Clifton
2021-04-22 15:54:48,Clifton
2021-04-22 15:54:56,Clifton
2021-04-22 15:54:58,Clifton
2021-04-22 15:55:00,Leigh_Woods
2021-04-22 15:55:02,Leigh_Woods
2021-04-22 15:55:03,Clifton
2021-04-22 15:55:15,Clifton
2021-04-22 15:55:18,Leigh_Woods
2021-04-22 15:55:24,Clifton
2021-04-22 15:55:28,Clifton
2021-04-22 15:55:30,Clifton
2021-04-22 15:55:37,Clifton
2021-04-22 15:55:44,Clifton
2021-04-22 15:55:48,Clifton
2021-04-22 15:55:51,Clifton
2021-04-22 15:55:56,Leigh_Woods
2021-04-22 15:55:58,Clifton
2021-04-22 15:56:02,Clifton
2021-04-22 15:56:03,Leigh_Woods
2021-04-22 15:56:05,Clifton
2021-04-22 15:56:12,Leigh_Woods
2021-04-22 15:56:20,Clifton
2021-04-22 15:56:24,Leigh_Woods
2021-04-22 15:56:32,Leigh_Woods
2021-04-22 15:56:35,Leigh_Woods
2021-04-22 15:56:39,Leigh_Woods
2021-04-22 15:56:41,Clifton
2021-04-22 15:56:41,Leigh_Woods
2021-04-22 15:56:45,Leigh_Woods
2021-04-22 15:56:47,Leigh_Woods
2021-04-22 15:56:48,Clifton
2021-04-22 15:56:54,Leigh_Woods
2021-04-22 15:56:58,Leigh_Woods
2021-04-22 15:57:15,Clifton
2021-04-22 15:57:26,Clifton
2021-04-22 15:57:32,Clifton
2021-04-22 15:57:42,Leigh_Woods
2021-04-22 15:57:44,Clifton
2021-04-22 15:57:48,Clifton
2021-04-22 15:57:49,Leigh_Woods
2021-04-22 15:57:50,Clifton
2021-04-22 15:57:54,Leigh_Woods
2021-04-22 15:57:59,Clifton
2021-04-22 15:58:00,Leigh_Woods
2021-04-22 15:58:03,Leigh_Woods
2021-04-22 15:58:07,Leigh_Woods
2021-04-22 15:58:08,Leigh_Woods
2021-04-22 15:58:13,Clifton
2021-04-22 15:58:17,Leigh_Woods
2021-04-22 15:58:18,Clifton
2021-04-22 15:58:20,Leigh_Woods
2021-04-22 15:58:27,Clifton
2021-04-22 15:58:39,Leigh_Woods
2021-04-22 15:58:40,Clifton
2021-04-22 15:58:47,Leigh_Woods
2021-04-22 15:58:49,Leigh_Woods
2021-04-22 15:58:50,Clifton
2021-04-22 15:58:53,Clifton
2021-04-22 15:59:02,Clifton
2021-04-22 15:59:04,Clifton
2021-04-22 15:59:38,Leigh_Woods
2021-04-22 15:59:43,Leigh_Woods
2021-04-22 15:59:46,Leigh_Woods
2021-04-22 15:59:50,Leigh_Woods
2021-04-22 15:59:52,Clifton
2021-04-22 15:59:53,Leigh_Woods
2021-04-22 15:59:57,Leigh_Woods
2021-04-22 16:00:04,Leigh_Woods
2021-04-22 16:00:08,Leigh_Woods
2021-04-22 16:00:25,Leigh_Woods
2021-04-22 16:00:28,Leigh_Woods
2021-04-22 16:00:30,Leigh_Woods
2021-04-22 16:00:33,Leigh_Woods
2021-04-22 16:00:40,Leigh_Woods
2021-04-22 16:00:49,Leigh_Woods
2021-04-22 16:00:51,Leigh_Woods
2021-04-22 16:00:54,Clifton
2021-04-22 16:00:56,Clifton
2021-04-22 16:00:58,Leigh_Woods
2021-04-22 16:01:04,Leigh_Woods
2021-04-22 16:01:04,Clifton
2021-04-22 16:01:12,Leigh_Woods
2021-04-22 16:01:13,Clifton
2021-04-22 16:01:15,Clifton
2021-04-22 16:01:20,Leigh_Woods
2021-04-22 16:01:21,Clifton
2021-04-22 16:01:32,Clifton
2021-04-22 16:01:35,Clifton
2021-04-22 16:01:38,Leigh_Woods
2021-04-22 16:01:40,Leigh_Woods
2021-04-22 16:01:44,Clifton
2021-04-22 16:01:47,Leigh_Woods
2021-04-22 16:01:59,Leigh_Woods
2021-04-22 16:02:06,Leigh_Woods
2021-04-22 16:02:05,Clifton
2021-04-22 16:02:09,Leigh_Woods
2021-04-22 16:02:11,Clifton
2021-04-22 16:02:29,Clifton
2021-04-22 16:02:31,Clifton
2021-04-22 16:02:33,Leigh_Woods
2021-04-22 16:02:35,Clifton
2021-04-22 16:02:38,Clifton
2021-04-22 16:02:40,Clifton
2021-04-22 16:02:48,Leigh_Woods
2021-04-22 16:02:52,Leigh_Woods
2021-04-22 16:02:54,Leigh_Woods
2021-04-22 16:02:56,Leigh_Woods
2021-04-22 16:03:02,Leigh_Woods
2021-04-22 16:03:15,Leigh_Woods
2021-04-22 16:03:18,Leigh_Woods
2021-04-22 16:03:26,Clifton
2021-04-22 16:03:33,Clifton
2021-04-22 16:03:36,Clifton
2021-04-22 16:03:39,Clifton
2021-04-22 16:03:42,Leigh_Woods
2021-04-22 16:03:44,Clifton
2021-04-22 16:03:52,Leigh_Woods
2021-04-22 16:04:04,Leigh_Woods
2021-04-22 16:04:06,Leigh_Woods
2021-04-22 16:04:10,Clifton
2021-04-22 16:04:11,Leigh_Woods
2021-04-22 16:04:13,Clifton
2021-04-22 16:04:15,Clifton
2021-04-22 16:04:19,Leigh_Woods
2021-04-22 16:04:21,Clifton
2021-04-22 16:04:25,Leigh_Woods
2021-04-22 16:04:26,Clifton
2021-04-22 16:04:27,Leigh_Woods
2021-04-22 16:04:34,Clifton
2021-04-22 16:04:35,Leigh_Woods
2021-04-22 16:04:39,Clifton
2021-04-22 16:04:41,Leigh_Woods
2021-04-22 16:04:47,Leigh_Woods
2021-04-22 16:04:49,Leigh_Woods
2021-04-22 16:04:55,Leigh_Woods
2021-04-22 16:05:04,Leigh_Woods
2021-04-22 16:05:12,Clifton
2021-04-22 16:05:17,Clifton
2021-04-22 16:05:18,Leigh_Woods
2021-04-22 16:05:24,Clifton
2021-04-22 16:05:26,Clifton
2021-04-22 16:05:33,Leigh_Woods
2021-04-22 16:05:39,Clifton
2021-04-22 16:05:41,Clifton
2021-04-22 16:05:58,Clifton
2021-04-22 16:05:58,Leigh_Woods
2021-04-22 16:06:06,Leigh_Woods
2021-04-22 16:06:07,Clifton
2021-04-22 16:06:08,Leigh_Woods
2021-04-22 16:06:14,Clifton
2021-04-22 16:06:17,Leigh_Woods
2021-04-22 16:06:21,Leigh_Woods
2021-04-22 16:06:25,Leigh_Woods
2021-04-22 16:06:26,Clifton
2021-04-22 16:06:30,Leigh_Woods
2021-04-22 16:06:34,Clifton
2021-04-22 16:06:35,Leigh_Woods
2021-04-22 16:06:41,Clifton
2021-04-22 16:06:52,Clifton
2021-04-22 16:06:53,Leigh_Woods
2021-04-22 16:07:03,Leigh_Woods
2021-04-22 16:07:18,Clifton
2021-04-22 16:07:27,Clifton
2021-04-22 16:07:31,Clifton
2021-04-22 16:07:44,Clifton
2021-04-22 16:07:45,Leigh_Woods
